city,citypart,part2,street,number,,psc,psc2,region,type,company,id,date,id2
Pardubice,Pardubice I,Bílé Předměstí,Husova,106,,53003,574716,Pardubický,IVT,GAMINE GROUP a.s.,01390899,10/16/2015,TDMA04807
Pardubice,Pardubice I,Bílé Předměstí,Husova,106,,53003,574716,Pardubický,IVT,GAMINE GROUP a.s.,01390899,10/16/2015,TDMA04907
Pardubice,Pardubice I,Bílé Předměstí,Husova,106,,53003,574716,Pardubický,IVT,GAMINE GROUP a.s.,01390899,6/26/2017,ML30007
Pardubice,Pardubice I,Bílé Předměstí,Husova,106,,53003,574716,Pardubický,IVT,GAMINE GROUP a.s.,01390899,6/26/2017,ML30046
Pardubice,Pardubice I,Bílé Předměstí,Husova,106,,53003,574716,Pardubický,IVT,GAMINE GROUP a.s.,01390899,6/26/2017,ML30197
Pardubice,Pardubice I,Bílé Předměstí,Husova,106,,53003,574716,Pardubický,IVT,GAMINE GROUP a.s.,01390899,6/4/2016,AP1TM0001053
Pardubice,Pardubice I,Bílé Předměstí,Husova,106,,53003,574716,Pardubický,IVT,GAMINE GROUP a.s.,01390899,6/4/2016,AP1TM0001141
Pardubice,Pardubice I,Bílé Předměstí,Husova,106,,53003,574716,Pardubický,LLS,GAMINE GROUP a.s.,01390899,7/1/2016,MA014
Pardubice,Pardubice I,Bílé Předměstí,Husova,106,,53003,574716,Pardubický,IVT,GAMINE GROUP a.s.,01390899,7/1/2016,6094200136
Pardubice,Pardubice I,Bílé Předměstí,Husova,106,,53003,574716,Pardubický,IVT,GAMINE GROUP a.s.,01390899,7/1/2016,6094200137
Pardubice,Pardubice I,Bílé Předměstí,Husova,106,,53003,574716,Pardubický,IVT,GAMINE GROUP a.s.,01390899,6/6/2016,9111109010330
Pardubice,Pardubice I,Bílé Předměstí,Husova,106,,53003,574716,Pardubický,EMR,GAMINE GROUP a.s.,01390899,6/27/2016,M5049
Pardubice,Pardubice I,Bílé Předměstí,Štrossova,167,,53003,574716,Pardubický,IVT,MASOX a.s.,28373154,6/12/2015,I705437
Pardubice,Pardubice I,Bílé Předměstí,Štrossova,167,,53003,574716,Pardubický,LLS,MASOX a.s.,28373154,2/8/2017,MX012
Pardubice,Pardubice I,Bílé Předměstí,Štrossova,167,,53003,574716,Pardubický,IVT,MASOX a.s.,28373154,2/15/2017,3ON303135
Pardubice,Pardubice I,Bílé Předměstí,Štrossova,167,,53003,574716,Pardubický,IVT,MASOX a.s.,28373154,2/15/2017,728474
Pardubice,Pardubice I,Bílé Předměstí,Štrossova,167,,53003,574716,Pardubický,IVT,MASOX a.s.,28373154,1/11/2016,AP1TF0001044
Pardubice,Pardubice I,Bílé Předměstí,Štrossova,167,,53003,574716,Pardubický,IVT,MASOX a.s.,28373154,1/11/2016,AP1TF0001054
Pardubice,Pardubice I,Bílé Předměstí,Štrossova,167,,53003,574716,Pardubický,IVT,MASOX a.s.,28373154,1/10/2016,ML25012
Pardubice,Pardubice I,Bílé Předměstí,Štrossova,167,,53003,574716,Pardubický,IVT,MASOX a.s.,28373154,1/10/2016,ML25171
Pardubice,Pardubice I,Bílé Předměstí,Štrossova,167,,53003,574716,Pardubický,IVT,MASOX a.s.,28373154,1/7/2016,465272
Pardubice,Pardubice I,Bílé Předměstí,Štrossova,167,,53003,574716,Pardubický,IVT,MASOX a.s.,28373154,6/29/2019,9110111000075
Pardubice,Pardubice I,Bílé Předměstí,Štrossova,167,,53003,574716,Pardubický,IVT,MASOX a.s.,28373154,6/29/2019,9111109010254
Pardubice,Pardubice I,Bílé Předměstí,Štrossova,277,,53003,574716,Pardubický,IVT,GAPA GROUP a.s.,27536611,3/18/2019,S1495
Pardubice,Pardubice I,Bílé Předměstí,Štrossova,277,,53003,574716,Pardubický,IVT,GAPA GROUP a.s.,27536611,3/18/2019,S1496
Pardubice,Pardubice I,Bílé Předměstí,Štrossova,277,,53003,574716,Pardubický,IVT,GAPA GROUP a.s.,27536611,3/18/2019,S1490
Pardubice,Pardubice I,Bílé Předměstí,Štrossova,277,,53003,574716,Pardubický,IVT,"SLOT Group, a.s.",62741560,12/5/2018,TDSL10208
Pardubice,Pardubice I,Bílé Předměstí,Štrossova,277,,53003,574716,Pardubický,IVT,"SLOT Group, a.s.",62741560,12/5/2018,TDSL11108
Pardubice,Pardubice I,Bílé Předměstí,Štrossova,1338,,53003,574716,Pardubický,IVT,"BONVER WIN, a.s.",25899651,1/17/2018,I702365
Pardubice,Pardubice I,Zelené Předměstí,17. listopadu,512,,53002,574716,Pardubický,LLS,"SYNOT TIP, a.s.",26301091,6/2/2019,MP086-01
Pardubice,Pardubice I,Zelené Předměstí,17. listopadu,512,,53002,574716,Pardubický,LLS,"SYNOT TIP, a.s.",26301091,6/2/2019,MP086-02
Pardubice,Pardubice I,Zelené Předměstí,17. listopadu,512,,53002,574716,Pardubický,LLS,"SYNOT TIP, a.s.",26301091,6/2/2019,MP086-03
Pardubice,Pardubice I,Zelené Předměstí,17. LISTOPADU,519,,53002,574716,Pardubický,Sázkové hry v kasinu,"SYNOT TIP, a.s.",26301091,8/11/2017,PS-033
Pardubice,Pardubice I,Zelené Předměstí,17. LISTOPADU,519,,53002,574716,Pardubický,IVT,"SYNOT TIP, a.s.",26301091,12/31/2017,16206
Pardubice,Pardubice I,Zelené Předměstí,17. LISTOPADU,519,,53002,574716,Pardubický,LLS,"SYNOT TIP, a.s.",26301091,4/18/2016,MP1003
Pardubice,Pardubice I,Zelené Předměstí,17. LISTOPADU,519,,53002,574716,Pardubický,LLS,"SYNOT TIP, a.s.",26301091,4/18/2016,MP1004
Pardubice,Pardubice I,Zelené Předměstí,17. LISTOPADU,519,,53002,574716,Pardubický,LLS,"SYNOT TIP, a.s.",26301091,4/18/2016,MP1756
Pardubice,Pardubice I,Zelené Předměstí,17. LISTOPADU,519,,53002,574716,Pardubický,IVT,"SYNOT TIP, a.s.",26301091,12/31/2017,15046
Pardubice,Pardubice I,Zelené Předměstí,17. LISTOPADU,519,,53002,574716,Pardubický,IVT,"SYNOT TIP, a.s.",26301091,12/31/2017,31622
Pardubice,Pardubice I,Zelené Předměstí,17. LISTOPADU,519,,53002,574716,Pardubický,IVT,"SYNOT TIP, a.s.",26301091,12/16/2018,9111008008012
Pardubice,Pardubice I,Zelené Předměstí,17. LISTOPADU,519,,53002,574716,Pardubický,IVT,"SYNOT TIP, a.s.",26301091,6/4/2018,ML16019
Pardubice,Pardubice I,Zelené Předměstí,17. LISTOPADU,519,,53002,574716,Pardubický,IVT,"SYNOT TIP, a.s.",26301091,12/30/2018,15292
Pardubice,Pardubice I,Zelené Předměstí,17. LISTOPADU,519,,53002,574716,Pardubický,IVT,"SYNOT TIP, a.s.",26301091,12/30/2018,5446
Pardubice,Pardubice I,Zelené Předměstí,17. LISTOPADU,519,,53002,574716,Pardubický,IVT,"SYNOT TIP, a.s.",26301091,12/31/2017,30210
Pardubice,Pardubice I,Zelené Předměstí,17. LISTOPADU,519,,53002,574716,Pardubický,IVT,"SYNOT TIP, a.s.",26301091,12/31/2017,30211
Pardubice,Pardubice I,Zelené Předměstí,17. LISTOPADU,519,,53002,574716,Pardubický,IVT,"SYNOT TIP, a.s.",26301091,12/31/2017,16097
Pardubice,Pardubice I,Zelené Předměstí,17. LISTOPADU,519,,53002,574716,Pardubický,IVT,"SYNOT TIP, a.s.",26301091,12/31/2017,16098
Pardubice,Pardubice I,Zelené Předměstí,17. LISTOPADU,519,,53002,574716,Pardubický,EMR,"SYNOT TIP, a.s.",26301091,12/7/2017,GC-5026
Pardubice,Pardubice I,Zelené Předměstí,17. LISTOPADU,519,,53002,574716,Pardubický,IVT,"SYNOT TIP, a.s.",26301091,12/31/2017,5112
Pardubice,Pardubice I,Zelené Předměstí,17. LISTOPADU,519,,53002,574716,Pardubický,IVT,"SYNOT TIP, a.s.",26301091,12/31/2017,5113
Pardubice,Pardubice I,Zelené Předměstí,17. LISTOPADU,519,,53002,574716,Pardubický,IVT,"SYNOT TIP, a.s.",26301091,12/31/2017,15117
Pardubice,Pardubice I,Zelené Předměstí,17. LISTOPADU,519,,53002,574716,Pardubický,IVT,"SYNOT TIP, a.s.",26301091,12/31/2017,15118
Pardubice,Pardubice I,Zelené Předměstí,Anenská,2641,,53002,574716,Pardubický,IVT,GAPA GROUP a.s.,27536611,5/20/2019,ML23075
Pardubice,Pardubice I,Zelené Předměstí,Anenská,2641,,53002,574716,Pardubický,IVT,GAPA GROUP a.s.,27536611,3/18/2019,5ON501283
Pardubice,Pardubice I,Zelené Předměstí,Anenská,2641,,53002,574716,Pardubický,IVT,GAPA GROUP a.s.,27536611,3/18/2019,I703490
Pardubice,Pardubice I,Zelené Předměstí,Anenská,2641,,53002,574716,Pardubický,IVT,GAPA GROUP a.s.,27536611,3/18/2019,724044
Pardubice,Pardubice I,Zelené Předměstí,Hlaváčova,230,,53002,574716,Pardubický,IVT,ENDL + K a.s.,26805600,3/5/2018,ML12040
Pardubice,Pardubice I,Zelené Předměstí,Hlaváčova,230,,53002,574716,Pardubický,IVT,ENDL + K a.s.,26805600,3/5/2018,ML12040
Pardubice,Pardubice I,Zelené Předměstí,Jindřišská,276,,53002,574716,Pardubický,IVT,CAMPA - NET a.s.,27770567,11/4/2015,CT1CN0000092
Pardubice,Pardubice I,Zelené Předměstí,Jindřišská,276,,53002,574716,Pardubický,EMR,MASOX a.s.,28373154,3/3/2017,1213
Pardubice,Pardubice I,Zelené Předměstí,Jindřišská,276,,53002,574716,Pardubický,LLS,MASOX a.s.,28373154,2/8/2017,MX043
Pardubice,Pardubice I,Zelené Předměstí,Jindřišská,276,,53002,574716,Pardubický,IVT,MASOX a.s.,28373154,2/15/2017,3ON303130
Pardubice,Pardubice I,Zelené Předměstí,Jindřišská,276,,53002,574716,Pardubický,IVT,MASOX a.s.,28373154,2/15/2017,5ON500454
Pardubice,Pardubice I,Zelené Předměstí,Jindřišská,276,,53002,574716,Pardubický,IVT,MASOX a.s.,28373154,2/15/2017,728467
Pardubice,Pardubice I,Zelené Předměstí,Jindřišská,276,,53002,574716,Pardubický,IVT,MASOX a.s.,28373154,2/15/2017,728468
Pardubice,Pardubice I,Zelené Předměstí,Jindřišská,276,,53002,574716,Pardubický,IVT,MASOX a.s.,28373154,2/15/2017,I705443
Pardubice,Pardubice I,Zelené Předměstí,Karla IV.,2749,,53002,574716,Pardubický,IVT,MERKUR CASINO a.s.,27151506,11/7/2015,ML17466
Pardubice,Pardubice I,Zelené Předměstí,Karla IV.,2749,,53002,574716,Pardubický,IVT,MERKUR CASINO a.s.,27151506,11/7/2015,ML17467
Pardubice,Pardubice I,Zelené Předměstí,Karla IV.,2749,,53002,574716,Pardubický,IVT,MERKUR CASINO a.s.,27151506,11/7/2015,ML17468
Pardubice,Pardubice I,Zelené Předměstí,Karla IV.,2749,,53002,574716,Pardubický,IVT,MERKUR CASINO a.s.,27151506,11/7/2015,ML17489
Pardubice,Pardubice I,Zelené Předměstí,Karla IV.,2749,,53002,574716,Pardubický,IVT,MERKUR CASINO a.s.,27151506,11/7/2015,ML17490
Pardubice,Pardubice I,Zelené Předměstí,Karla IV.,2749,,53002,574716,Pardubický,IVT,MERKUR CASINO a.s.,27151506,7/9/2015,9110408003623
Pardubice,Pardubice I,Zelené Předměstí,Karla IV.,2749,,53002,574716,Pardubický,IVT,MERKUR CASINO a.s.,27151506,7/9/2015,9110414001302
Pardubice,Pardubice I,Zelené Předměstí,Karla IV.,2749,,53002,574716,Pardubický,IVT,MERKUR CASINO a.s.,27151506,7/9/2015,2ST200171
Pardubice,Pardubice I,Zelené Předměstí,Karla IV.,2749,,53002,574716,Pardubický,IVT,MERKUR CASINO a.s.,27151506,7/9/2015,2ST200172
Pardubice,Pardubice I,Zelené Předměstí,Karla IV.,2749,,53002,574716,Pardubický,IVT,MERKUR CASINO a.s.,27151506,7/9/2015,2ST200312
Pardubice,Pardubice I,Zelené Předměstí,Karla IV.,2749,,53002,574716,Pardubický,IVT,MERKUR CASINO a.s.,27151506,7/9/2015,3ST300060
Pardubice,Pardubice I,Zelené Předměstí,Karla IV.,2749,,53002,574716,Pardubický,LLS,MERKUR CASINO a.s.,27151506,6/19/2015,MB7001
Pardubice,Pardubice I,Zelené Předměstí,Karla IV.,2749,,53002,574716,Pardubický,Sázkové hry v kasinu,MERKUR CASINO a.s.,27151506,3/16/2017,00222
Pardubice,Pardubice I,Zelené Předměstí,Karla IV.,2749,,53002,574716,Pardubický,LLS,MERKUR CASINO a.s.,27151506,2/6/2017,MB7018
Pardubice,Pardubice I,Zelené Předměstí,Karla IV.,2749,,53002,574716,Pardubický,IVT,MERKUR CASINO a.s.,27151506,2/8/2019,6049200015
Pardubice,Pardubice I,Zelené Předměstí,Karla IV.,2749,,53002,574716,Pardubický,IVT,MERKUR CASINO a.s.,27151506,2/8/2019,6049200026
Pardubice,Pardubice I,Zelené Předměstí,Karla IV.,2749,,53002,574716,Pardubický,IVT,MERKUR CASINO a.s.,27151506,2/8/2019,6049200027
Pardubice,Pardubice I,Zelené Předměstí,Karla IV.,2749,,53002,574716,Pardubický,IVT,MERKUR CASINO a.s.,27151506,4/11/2016,465369
Pardubice,Pardubice I,Zelené Předměstí,Karla IV.,2749,,53002,574716,Pardubický,IVT,MERKUR CASINO a.s.,27151506,4/11/2016,465370
Pardubice,Pardubice I,Zelené Předměstí,Karla IV.,2749,,53002,574716,Pardubický,IVT,MERKUR CASINO a.s.,27151506,4/11/2016,467510
Pardubice,Pardubice I,Zelené Předměstí,Karla IV.,2749,,53002,574716,Pardubický,IVT,MERKUR CASINO a.s.,27151506,4/11/2016,467613
Pardubice,Pardubice I,Zelené Předměstí,Karla IV.,2749,,53002,574716,Pardubický,IVT,MERKUR CASINO a.s.,27151506,3/2/2019,E817605
Pardubice,Pardubice I,Zelené Předměstí,Karla IV.,2749,,53002,574716,Pardubický,IVT,MERKUR CASINO a.s.,27151506,3/2/2019,E817606
Pardubice,Pardubice I,Zelené Předměstí,Karla IV.,2749,,53002,574716,Pardubický,IVT,MERKUR CASINO a.s.,27151506,10/15/2019,9110411000247
Pardubice,Pardubice I,Zelené Předměstí,Karla IV.,2749,,53002,574716,Pardubický,IVT,MERKUR CASINO a.s.,27151506,3/2/2019,E717652
Pardubice,Pardubice I,Zelené Předměstí,Karla IV.,2749,,53002,574716,Pardubický,IVT,MERKUR CASINO a.s.,27151506,7/6/2018,ML17314
Pardubice,Pardubice I,Zelené Předměstí,Karla IV.,2749,,53002,574716,Pardubický,IVT,MERKUR CASINO a.s.,27151506,10/15/2019,9111109010207
Pardubice,Pardubice I,Zelené Předměstí,Karla IV.,2749,,53002,574716,Pardubický,IVT,MERKUR CASINO a.s.,27151506,1/6/2015,3098300071
Pardubice,Pardubice I,Zelené Předměstí,Karla IV.,2749,,53002,574716,Pardubický,IVT,MERKUR CASINO a.s.,27151506,1/6/2015,3098300072
Pardubice,Pardubice I,Zelené Předměstí,Karla IV.,2749,,53002,574716,Pardubický,IVT,MERKUR CASINO a.s.,27151506,1/6/2015,3098300073
Pardubice,Pardubice I,Zelené Předměstí,Karla IV.,2749,,53002,574716,Pardubický,IVT,MERKUR CASINO a.s.,27151506,7/6/2018,ML17275
Pardubice,Pardubice I,Zelené Předměstí,Karla IV.,2749,,53002,574716,Pardubický,IVT,MERKUR CASINO a.s.,27151506,7/6/2018,ML17276
Pardubice,Pardubice I,Zelené Předměstí,Karla IV.,2749,,53002,574716,Pardubický,IVT,MERKUR CASINO a.s.,27151506,1/6/2015,3098300059
Pardubice,Pardubice I,Zelené Předměstí,Karla IV.,2749,,53002,574716,Pardubický,IVT,MERKUR CASINO a.s.,27151506,1/6/2015,3102800036
Pardubice,Pardubice I,Zelené Předměstí,Karla IV.,2749,,53002,574716,Pardubický,IVT,MERKUR CASINO a.s.,27151506,10/15/2019,9110808005539
Pardubice,Pardubice I,Zelené Předměstí,Karla IV.,2749,,53002,574716,Pardubický,IVT,MERKUR CASINO a.s.,27151506,10/15/2019,9110808005540
Pardubice,Pardubice I,Zelené Předměstí,Karla IV.,2749,,53002,574716,Pardubický,IVT,MERKUR CASINO a.s.,27151506,3/2/2019,718176
Pardubice,Pardubice I,Zelené Předměstí,Karla IV.,2749,,53002,574716,Pardubický,IVT,MERKUR CASINO a.s.,27151506,3/2/2019,I701394
Pardubice,Pardubice I,Zelené Předměstí,Karla IV.,2749,,53002,574716,Pardubický,IVT,MERKUR CASINO a.s.,27151506,7/6/2018,ML17213
Pardubice,Pardubice I,Zelené Předměstí,Karla IV.,2749,,53002,574716,Pardubický,IVT,MERKUR CASINO a.s.,27151506,7/6/2018,ML17214
Pardubice,Pardubice I,Zelené Předměstí,Karla IV.,2749,,53002,574716,Pardubický,EMR,MERKUR CASINO a.s.,27151506,11/20/2018,2006031616
Pardubice,Pardubice I,Zelené Předměstí,Karla IV.,2749,,53002,574716,Pardubický,IVT,MERKUR CASINO a.s.,27151506,7/6/2018,ML17005
Pardubice,Pardubice I,Zelené Předměstí,Karla IV.,2749,,53002,574716,Pardubický,IVT,MERKUR CASINO a.s.,27151506,7/6/2018,ML17006
Pardubice,Pardubice I,Zelené Předměstí,Karla IV.,2749,,53002,574716,Pardubický,IVT,MERKUR CASINO a.s.,27151506,7/6/2018,ML17007
Pardubice,Pardubice I,Zelené Předměstí,Karla IV.,2749,,53002,574716,Pardubický,IVT,MERKUR CASINO a.s.,27151506,7/6/2018,ML17008
Pardubice,Pardubice I,Zelené Předměstí,Masarykovo nám.,2799,,53002,574716,Pardubický,LLS,TIPGAMES a.s.,26709112,4/10/2017,MB2032
Pardubice,Pardubice I,Zelené Předměstí,Masarykovo nám.,2799,,53002,574716,Pardubický,IVT,TIPGAMES a.s.,26709112,2/2/2017,AMPV 0054
Pardubice,Pardubice I,Zelené Předměstí,Masarykovo nám.,2799,,53002,574716,Pardubický,IVT,TIPGAMES a.s.,26709112,2/2/2017,MPV 0624
Pardubice,Pardubice I,Zelené Předměstí,Masarykovo nám.,2799,,53002,574716,Pardubický,IVT,TIPGAMES a.s.,26709112,12/19/2016,9110910002322
Pardubice,Pardubice I,Zelené Předměstí,Masarykovo nám.,2799,,53002,574716,Pardubický,IVT,TIPGAMES a.s.,26709112,4/23/2019,AP1TR0004006
Pardubice,Pardubice I,Zelené Předměstí,Masarykovo nám.,2799,,53002,574716,Pardubický,IVT,TIPGAMES a.s.,26709112,4/23/2019,AP1TR0004007
Pardubice,Pardubice I,Zelené Předměstí,Masarykovo nám.,2799,,53002,574716,Pardubický,IVT,TIPGAMES a.s.,26709112,2/29/2016,3003
Pardubice,Pardubice I,Zelené Předměstí,Masarykovo nám.,2799,,53002,574716,Pardubický,IVT,TIPGAMES a.s.,26709112,2/29/2016,3004
Pardubice,Pardubice I,Zelené Předměstí,Masarykovo nám.,2799,,53002,574716,Pardubický,IVT,TIPGAMES a.s.,26709112,7/16/2018,3ON300672
Pardubice,Pardubice I,Zelené Předměstí,Masarykovo nám.,2799,,53002,574716,Pardubický,IVT,TIPGAMES a.s.,26709112,7/16/2018,715082
Pardubice,Pardubice I,Zelené Předměstí,Masarykovo nám.,2799,,53002,574716,Pardubický,IVT,TIPGAMES a.s.,26709112,7/16/2018,715083
Pardubice,Pardubice I,Zelené Předměstí,Masarykovo nám.,2799,,53002,574716,Pardubický,IVT,TIPGAMES a.s.,26709112,7/16/2018,I701072
Pardubice,Pardubice I,Zelené Předměstí,Masarykovo nám.,2799,,53002,574716,Pardubický,IVT,TIPGAMES a.s.,26709112,7/16/2018,I701073
Pardubice,Pardubice I,Zelené Předměstí,Masarykovo nám.,2799,,53002,574716,Pardubický,LLS,TIPGAMES a.s.,26709112,2/19/2016,TG062
Pardubice,Pardubice I,Zelené Předměstí,Masarykovo nám.,2799,,53002,574716,Pardubický,IVT,TIPGAMES a.s.,26709112,9/13/2017,ML2160
Pardubice,Pardubice I,Zelené Předměstí,Masarykovo nám.,2799,,53002,574716,Pardubický,IVT,TIPGAMES a.s.,26709112,9/13/2017,ML2564
Pardubice,Pardubice I,Zelené Předměstí,Masarykovo nám.,2799,,53002,574716,Pardubický,IVT,TIPGAMES a.s.,26709112,9/13/2017,ML2692
Pardubice,Pardubice I,Zelené Předměstí,Masarykovo nám.,2799,,53002,574716,Pardubický,IVT,TIPGAMES a.s.,26709112,9/13/2017,ML2693
Pardubice,Pardubice I,Zelené Předměstí,Masarykovo nám.,2799,,53002,574716,Pardubický,EMR,TIPGAMES a.s.,26709112,1/24/2016,GC5-2004-TG-005
Pardubice,Pardubice I,Zelené Předměstí,Masarykovo náměstí,2633,,53002,574716,Pardubický,IVT,CAMPA - NET a.s.,27770567,10/10/2015,CT1CN00000144
Pardubice,Pardubice I,Zelené Předměstí,Masarykovo náměstí,2633,,53002,574716,Pardubický,IVT,CAMPA - NET a.s.,27770567,9/4/2015,TDCA05408
Pardubice,Pardubice I,Zelené Předměstí,Masarykovo náměstí,2633,,53002,574716,Pardubický,IVT,CAMPA - NET a.s.,27770567,7/20/2016,726503
Pardubice,Pardubice I,Zelené Předměstí,Masarykovo náměstí,2633,,53002,574716,Pardubický,IVT,CAMPA - NET a.s.,27770567,7/20/2016,I703916
Pardubice,Pardubice I,Zelené Předměstí,Masarykovo náměstí,2633,,53002,574716,Pardubický,IVT,CAMPA - NET a.s.,27770567,8/28/2018,ML19421
Pardubice,Pardubice I,Zelené Předměstí,Masarykovo náměstí,2633,,53002,574716,Pardubický,IVT,CAMPA - NET a.s.,27770567,4/23/2017,9111008007411
Pardubice,Pardubice I,Zelené Předměstí,Masarykovo náměstí,2633,,53002,574716,Pardubický,IVT,CAMPA - NET a.s.,27770567,4/23/2017,9111008007412
Pardubice,Pardubice I,Zelené Předměstí,Masarykovo náměstí,2633,,53002,574716,Pardubický,IVT,CAMPA - NET a.s.,27770567,8/28/2018,ML19081
Pardubice,Pardubice I,Zelené Předměstí,Masarykovo náměstí,2633,,53002,574716,Pardubický,IVT,CAMPA - NET a.s.,27770567,8/28/2018,ML19099
Pardubice,Pardubice I,Zelené Předměstí,nábřeží Závodu míru,1898,,53002,574716,Pardubický,IVT,MASOX a.s.,28373154,6/12/2015,AP1TF0001103
Pardubice,Pardubice I,Zelené Předměstí,Náměstí Čs. Legií,500,,53002,574716,Pardubický,IVT,"VIKTORIAPLAY, a.s.",25402391,9/14/2016,5ON501358
Pardubice,Pardubice I,Zelené Předměstí,Náměstí Jana Pernera,217,,53002,574716,Pardubický,EMR,"GOLD HAPPY DAY a.s., Happy Day holding",25227246,12/31/2014,134566
Pardubice,Pardubice I,Zelené Předměstí,Náměstí Jana Pernera,217,,53002,574716,Pardubický,EMR,"GOLD HAPPY DAY a.s., Happy Day holding",25227246,12/31/2014,G3781
Pardubice,Pardubice I,Zelené Předměstí,Náměstí Jana Pernera,217,,53002,574716,Pardubický,ostatní §50/3,"SLOT Group, a.s.",62741560,6/10/2019,MA672800189
Pardubice,Pardubice I,Zelené Předměstí,Palackého,2020,,53002,574716,Pardubický,IVT,GAPA GROUP a.s.,27536611,3/18/2019,723034
Pardubice,Pardubice I,Zelené Předměstí,Palackého,2020,,53002,574716,Pardubický,LLS,GAPA GROUP a.s.,27536611,5/3/2016,GG215
Pardubice,Pardubice I,Zelené Předměstí,Palackého,2020,,53002,574716,Pardubický,IVT,GAPA GROUP a.s.,27536611,5/9/2015,AGT11218800
Pardubice,Pardubice I,Zelené Předměstí,Palackého,2020,,53002,574716,Pardubický,IVT,GAPA GROUP a.s.,27536611,5/20/2019,ML23181
Pardubice,Pardubice I,Zelené Předměstí,Palackého,2020,,53002,574716,Pardubický,IVT,GAPA GROUP a.s.,27536611,3/18/2019,3ON301924
Pardubice,Pardubice I,Zelené Předměstí,Palackého,2020,,53002,574716,Pardubický,IVT,GAPA GROUP a.s.,27536611,3/18/2019,720133
Pardubice,Pardubice I,Zelené Předměstí,Palackého,2020,,53002,574716,Pardubický,IVT,GAPA GROUP a.s.,27536611,3/18/2019,I703771
Pardubice,Pardubice I,Zelené Předměstí,Palackého třída,248,,53002,574716,Pardubický,IVT,Play games a.s.,24773255,9/19/2015,5ON501952
Pardubice,Pardubice I,Zelené Předměstí,Palackého třída,248,,53002,574716,Pardubický,IVT,Play games a.s.,24773255,9/19/2015,730467
Pardubice,Pardubice I,Zelené Předměstí,Palackého třída,248,,53002,574716,Pardubický,IVT,Play games a.s.,24773255,9/19/2015,I706416
Pardubice,Pardubice I,Zelené Předměstí,Palackého třída,248,,53002,574716,Pardubický,IVT,Play games a.s.,24773255,9/15/2015,AP1TR0001082
Pardubice,Pardubice I,Zelené Předměstí,Palackého třída,248,,53002,574716,Pardubický,IVT,Play games a.s.,24773255,5/20/2015,551470
Pardubice,Pardubice I,Zelené Předměstí,Palackého třída,248,,53002,574716,Pardubický,IVT,Play games a.s.,24773255,4/6/2017,9110711000519
Pardubice,Pardubice I,Zelené Předměstí,Palackého třída,578,,53002,574716,Pardubický,IVT,Play games a.s.,24773255,9/19/2015,3ON303785
Pardubice,Pardubice I,Zelené Předměstí,Palackého třída,578,,53002,574716,Pardubický,IVT,Play games a.s.,24773255,9/19/2015,730474
Pardubice,Pardubice I,Zelené Předměstí,Palackého třída,578,,53002,574716,Pardubický,IVT,Play games a.s.,24773255,9/19/2015,I706417
Pardubice,Pardubice I,Zelené Předměstí,Palackého třída,578,,53002,574716,Pardubický,IVT,Play games a.s.,24773255,9/15/2015,AP1TR0001091
Pardubice,Pardubice I,Zelené Předměstí,Palackého třída,578,,53002,574716,Pardubický,IVT,Play games a.s.,24773255,9/15/2015,AP1TR0001092
Pardubice,Pardubice I,Zelené Předměstí,Palackého třída,578,,53002,574716,Pardubický,LLS,Play games a.s.,24773255,7/25/2015,MB34007
Pardubice,Pardubice I,Zelené Předměstí,Palackého třída,578,,53002,574716,Pardubický,IVT,Play games a.s.,24773255,3/8/2017,ML34205
Pardubice,Pardubice I,Zelené Předměstí,Palackého třída,578,,53002,574716,Pardubický,EMR,Play games a.s.,24773255,3/3/2017,1339
Pardubice,Pardubice I,Zelené Předměstí,Palackého třída,2755,,53002,574716,Pardubický,LLS,ENDL + K a.s.,26805600,6/20/2015,MB14025
Pardubice,Pardubice I,Zelené Předměstí,Palackého třída,2755,,53002,574716,Pardubický,IVT,ENDL + K a.s.,26805600,5/22/2016,AP1TR0010022
Pardubice,Pardubice I,Zelené Předměstí,Palackého třída,2755,,53002,574716,Pardubický,IVT,ENDL + K a.s.,26805600,4/22/2017,9110410001097
Pardubice,Pardubice I,Zelené Předměstí,Palackého třída,2755,,53002,574716,Pardubický,IVT,ENDL + K a.s.,26805600,4/29/2018,3ON300341
Pardubice,Pardubice I,Zelené Předměstí,Palackého třída,2755,,53002,574716,Pardubický,EMR,ENDL + K a.s.,26805600,12/31/2019,1690
Pardubice,Pardubice I,Zelené Předměstí,Palackého třída,2755,,53002,574716,Pardubický,IVT,ENDL + K a.s.,26805600,4/23/2017,9110109004242
Pardubice,Pardubice I,Zelené Předměstí,Palackého třída,2755,,53002,574716,Pardubický,IVT,ENDL + K a.s.,26805600,3/5/2018,ML12346
Pardubice,Pardubice I,Zelené Předměstí,Palackého třída,2755,,53002,574716,Pardubický,IVT,ENDL + K a.s.,26805600,3/5/2018,ML12347
Pardubice,Pardubice I,Zelené Předměstí,Palackého třída,2755,,53002,574716,Pardubický,IVT,ENDL + K a.s.,26805600,3/5/2018,ML12182
Pardubice,Pardubice I,Zelené Předměstí,Palackého třída,2755,,53002,574716,Pardubický,IVT,ENDL + K a.s.,26805600,4/30/2018,717416
Pardubice,Pardubice I,Zelené Předměstí,Palackého třída,2755,,53002,574716,Pardubický,IVT,ENDL + K a.s.,26805600,4/30/2018,I700130
Pardubice,Pardubice I,Zelené Předměstí,Palackého třída,2755,,53002,574716,Pardubický,IVT,ENDL + K a.s.,26805600,4/30/2018,713543
Pardubice,Pardubice I,Zelené Předměstí,Palackého třída,2755,,53002,574716,Pardubický,IVT,ENDL + K a.s.,26805600,3/5/2018,ML12048
Pardubice,Pardubice I,Zelené Předměstí,Palackého třída,2755,,53002,574716,Pardubický,IVT,ENDL + K a.s.,26805600,4/23/2017,9110208000207
Pardubice,Pardubice I,Zelené Předměstí,Palackého třída,2755,,53002,574716,Pardubický,IVT,ENDL + K a.s.,26805600,4/23/2017,9110806001324
Pardubice,Pardubice I,Zelené Předměstí,Palackého třída,2755,,53002,574716,Pardubický,IVT,ENDL + K a.s.,26805600,2/12/2017,TDEN02306
Pardubice,Pardubice I,Zelené Předměstí,Pernerova,444,,53002,574716,Pardubický,ostatní §50/3,"AUTO GAMES, a.s.",25544608,11/9/2019,ARG10812670
Pardubice,Pardubice I,Zelené Předměstí,Sladkovského,346,,53002,574716,Pardubický,IVT,"Štístko, a.s.",27566447,7/23/2015,5ON500867
Pardubice,Pardubice I,Zelené Předměstí,Sladkovského,346,,53002,574716,Pardubický,IVT,"Štístko, a.s.",27566447,3/26/2017,3098300412
Pardubice,Pardubice I,Zelené Předměstí,Sladkovského,346,,53002,574716,Pardubický,IVT,"Štístko, a.s.",27566447,5/29/2016,AP1TR0011063
Pardubice,Pardubice I,Zelené Předměstí,Sladkovského,346,,53002,574716,Pardubický,IVT,"Štístko, a.s.",27566447,6/30/2016,EAS 110015
Pardubice,Pardubice I,Zelené Předměstí,Sladkovského,346,,53002,574716,Pardubický,IVT,"Štístko, a.s.",27566447,6/30/2016,S1604
Pardubice,Pardubice I,Zelené Předměstí,Sladkovského,346,,53002,574716,Pardubický,IVT,"Štístko, a.s.",27566447,6/30/2016,ML15524
Pardubice,Pardubice I,Zelené Předměstí,Sladkovského,346,,53002,574716,Pardubický,IVT,"Štístko, a.s.",27566447,6/30/2016,ML15548
Pardubice,Pardubice I,Zelené Předměstí,Sladkovského,507,,53002,574716,Pardubický,IVT,GAMINE GROUP a.s.,01390899,10/22/2015,0804C0010
Pardubice,Pardubice I,Zelené Předměstí,Sladkovského,507,,53002,574716,Pardubický,IVT,GAMINE GROUP a.s.,01390899,9/23/2015,0804P0008
Pardubice,Pardubice I,Zelené Předměstí,Sladkovského,507,,53002,574716,Pardubický,IVT,GAMINE GROUP a.s.,01390899,6/6/2016,9110613001112
Pardubice,Pardubice I,Zelené Předměstí,Sladkovského,507,,53002,574716,Pardubický,IVT,GAMINE GROUP a.s.,01390899,7/1/2016,551404
Pardubice,Pardubice I,Zelené Předměstí,Sladkovského,507,,53002,574716,Pardubický,IVT,GAMINE GROUP a.s.,01390899,7/1/2016,551405
Pardubice,Pardubice I,Zelené Předměstí,Sladkovského,507,,53002,574716,Pardubický,IVT,GAMINE GROUP a.s.,01390899,6/26/2017,ML30070
Pardubice,Pardubice I,Zelené Předměstí,Sladkovského,507,,53002,574716,Pardubický,IVT,GAMINE GROUP a.s.,01390899,6/26/2017,ML30200
Pardubice,Pardubice I,Zelené Předměstí,Sladkovského,507,,53002,574716,Pardubický,IVT,GAMINE GROUP a.s.,01390899,6/4/2016,AP1TM0001077
Pardubice,Pardubice I,Zelené Předměstí,Sladkovského,507,,53002,574716,Pardubický,IVT,GAMINE GROUP a.s.,01390899,6/4/2016,AP1TM0001151
Pardubice,Pardubice I,Zelené Předměstí,Sladkovského,507,,53002,574716,Pardubický,LLS,GAMINE GROUP a.s.,01390899,7/1/2016,MA032
Pardubice,Pardubice I,Zelené Předměstí,Sladkovského,507,,53002,574716,Pardubický,IVT,GAMINE GROUP a.s.,01390899,7/1/2016,6094200134
Pardubice,Pardubice I,Zelené Předměstí,Sladkovského,507,,53002,574716,Pardubický,IVT,GAMINE GROUP a.s.,01390899,7/1/2016,6094200135
Pardubice,Pardubice I,Zelené Předměstí,Sladkovského,507,,53002,574716,Pardubický,IVT,GAMINE GROUP a.s.,01390899,6/6/2016,9110810002145
Pardubice,Pardubice I,Zelené Předměstí,Sladkovského,507,,53002,574716,Pardubický,EMR,GAMINE GROUP a.s.,01390899,6/27/2016,5079
Pardubice,Pardubice I,Zelené Předměstí,Sladkovského,507,,53002,574716,Pardubický,LLS,GAMINE GROUP a.s.,01390899,6/26/2016,MB30009
Pardubice,Pardubice I,Zelené Předměstí,Sladkovského,507,,53002,574716,Pardubický,IVT,"Petr Masojídek, a.s.",27095282,6/26/2017,DDMA04807
Pardubice,Pardubice I,Zelené Předměstí,Sladkovského,507,,53002,574716,Pardubický,IVT,"Petr Masojídek, a.s.",27095282,6/26/2017,DDMA04907
Pardubice,Pardubice I,Zelené Předměstí,Smilova,310,,53002,574716,Pardubický,IVT,"SLOT Group, a.s.",62741560,10/31/2015,ML27071
Pardubice,Pardubice I,Zelené Předměstí,Smilova,310,,53002,574716,Pardubický,IVT,"SLOT Group, a.s.",62741560,10/31/2015,ML27112
Pardubice,Pardubice I,Zelené Předměstí,Smilova,310,,53002,574716,Pardubický,IVT,"SLOT Group, a.s.",62741560,10/31/2015,ML27117
Pardubice,Pardubice I,Zelené Předměstí,Smilova,310,,53002,574716,Pardubický,IVT,"SLOT Group, a.s.",62741560,12/8/2016,464001
Pardubice,Pardubice I,Zelené Předměstí,Smilova,310,,53002,574716,Pardubický,IVT,"SLOT Group, a.s.",62741560,12/21/2019,728360
Pardubice,Pardubice I,Zelené Předměstí,Smilova,310,,53002,574716,Pardubický,Sázkové hry v kasinu,"SLOT Group, a.s.",62741560,10/22/2015,P-021 (Kč)
Pardubice,Pardubice I,Zelené Předměstí,Smilova,310,,53002,574716,Pardubický,IVT,"SLOT Group, a.s.",62741560,12/5/2018,VLT07114262
Pardubice,Pardubice I,Zelené Předměstí,Smilova,310,,53002,574716,Pardubický,LLS,"SLOT Group, a.s.",62741560,8/15/2015,SL014
Pardubice,Pardubice I,Zelené Předměstí,Smilova,310,,53002,574716,Pardubický,LLS,"SLOT Group, a.s.",62741560,7/17/2015,MA672800011
Pardubice,Pardubice I,Zelené Předměstí,Smilova,310,,53002,574716,Pardubický,IVT,"SLOT Group, a.s.",62741560,12/1/2018,9111110002985
Pardubice,Pardubice I,Zelené Předměstí,Smilova,310,,53002,574716,Pardubický,IVT,multigate a.s.,25912186,12/31/2017,ML1543
Pardubice,Pardubice I,Zelené Předměstí,Smilova,310,,53002,574716,Pardubický,IVT,multigate a.s.,25912186,12/31/2017,ML1589
Pardubice,Pardubice I,Zelené Předměstí,Smilova,310,,53002,574716,Pardubický,IVT,multigate a.s.,25912186,12/31/2017,ML1590
Pardubice,Pardubice I,Zelené Předměstí,Smilova,310,,53002,574716,Pardubický,IVT,multigate a.s.,25912186,11/9/2018,I703402
Pardubice,Pardubice I,Zelené Předměstí,Smilova,310,,53002,574716,Pardubický,IVT,"SLOT Group, a.s.",62741560,6/25/2018,9111008007335
Pardubice,Pardubice I,Zelené Předměstí,Smilova,310,,53002,574716,Pardubický,IVT,"SLOT Group, a.s.",62741560,2/21/2018,ML10161
Pardubice,Pardubice I,Zelené Předměstí,Smilova,310,,53002,574716,Pardubický,IVT,"SLOT Group, a.s.",62741560,2/21/2018,ML10162
Pardubice,Pardubice I,Zelené Předměstí,Smilova,310,,53002,574716,Pardubický,EMR,"SLOT Group, a.s.",62741560,7/31/2018,6335
Pardubice,Pardubice I,Zelené Předměstí,Smilova,327,,53002,574716,Pardubický,LLS,MASOX a.s.,28373154,6/26/2015,MX079
Pardubice,Pardubice I,Zelené Předměstí,Smilova,327,,53002,574716,Pardubický,IVT,MASOX a.s.,28373154,7/2/2015,ML25024
Pardubice,Pardubice I,Zelené Předměstí,Smilova,327,,53002,574716,Pardubický,IVT,MASOX a.s.,28373154,7/2/2015,ML25025
Pardubice,Pardubice I,Zelené Předměstí,Smilova,327,,53002,574716,Pardubický,IVT,MASOX a.s.,28373154,6/17/2015,3ON303142
Pardubice,Pardubice I,Zelené Předměstí,Smilova,327,,53002,574716,Pardubický,IVT,MASOX a.s.,28373154,6/17/2015,728464
Pardubice,Pardubice I,Zelené Předměstí,Smilova,327,,53002,574716,Pardubický,IVT,MASOX a.s.,28373154,6/17/2015,I705459
Pardubice,Pardubice I,Zelené Předměstí,Smilova,327,,53002,574716,Pardubický,IVT,MASOX a.s.,28373154,6/12/2015,9110111000067
Pardubice,Pardubice I,Zelené Předměstí,Smilova,327,,53002,574716,Pardubický,IVT,MASOX a.s.,28373154,6/12/2015,9111011000733
Pardubice,Pardubice I,Zelené Předměstí,Smilova,327,,53002,574716,Pardubický,IVT,MASOX a.s.,28373154,6/12/2015,AP1TF0001010
Pardubice,Pardubice I,Zelené Předměstí,Smilova,327,,53002,574716,Pardubický,IVT,MASOX a.s.,28373154,6/12/2015,AP1TF0001027
Pardubice,Pardubice I,Zelené Předměstí,Smilova,327,,53002,574716,Pardubický,IVT,MASOX a.s.,28373154,1/11/2016,AP1TF0001030
Pardubice,Pardubice I,Zelené Předměstí,Smilova,327,,53002,574716,Pardubický,EMR,MASOX a.s.,28373154,2/27/2016,M5046
Pardubice,Pardubice I,Zelené Předměstí,Smilova,327,,53002,574716,Pardubický,IVT,multigate a.s.,25912186,8/3/2018,9111108008901
Pardubice,Pardubice I,Zelené Předměstí,Smilova,327,,53002,574716,Pardubický,IVT,multigate a.s.,25912186,8/3/2018,9111108008965 
Pardubice,Pardubice I,Zelené Předměstí,Smilova,327,,53002,574716,Pardubický,IVT,multigate a.s.,25912186,12/31/2017,MLA0154
Pardubice,Pardubice I,Zelené Předměstí,Smilova,327,,53002,574716,Pardubický,IVT,multigate a.s.,25912186,12/31/2017,MLA0155
Pardubice,Pardubice I,Zelené Předměstí,Smilova,327,,53002,574716,Pardubický,IVT,multigate a.s.,25912186,12/31/2017,MLA0160
Pardubice,Pardubice I,Zelené Předměstí,Smilova,327,,53002,574716,Pardubický,IVT,multigate a.s.,25912186,12/31/2017,MLA0161
Pardubice,Pardubice I,Zelené Předměstí,Smilova,327,,53002,574716,Pardubický,IVT,"BONVER WIN, a.s.",25899651,9/24/2017,ML7185
Pardubice,Pardubice I,Zelené Předměstí,Smilova,327,,53002,574716,Pardubický,IVT,ENDL + K a.s.,26805600,3/18/2019,0812C0014
Pardubice,Pardubice I,Zelené Předměstí,Smilova,327,,53002,574716,Pardubický,IVT,ENDL + K a.s.,26805600,3/5/2018,ML12049
Pardubice,Pardubice I,Zelené Předměstí,Smilova,327,,53002,574716,Pardubický,IVT,ENDL + K a.s.,26805600,4/23/2017,9110806001325
Pardubice,Pardubice I,Zelené Předměstí,Smilova,327,,53002,574716,Pardubický,IVT,ENDL + K a.s.,26805600,2/12/2017,TDEN01806
Pardubice,Pardubice I,Zelené Předměstí,Třída Míru,62,,53002,574716,Pardubický,IVT,TIPGAMES a.s.,26709112,1/1/2015,20010467
Pardubice,Pardubice I,Zelené Předměstí,Třída Míru,62,,53002,574716,Pardubický,IVT,TIPGAMES a.s.,26709112,4/23/2019,AP1TR0004061
Pardubice,Pardubice I,Zelené Předměstí,Třída Míru,62,,53002,574716,Pardubický,IVT,TIPGAMES a.s.,26709112,12/19/2016,9110910002310
Pardubice,Pardubice I,Zelené Předměstí,Třída Míru,62,,53002,574716,Pardubický,IVT,TIPGAMES a.s.,26709112,7/16/2018,3ON300700
Pardubice,Pardubice I,Zelené Předměstí,Třída Míru,62,,53002,574716,Pardubický,IVT,TIPGAMES a.s.,26709112,7/16/2018,3ON300439
Pardubice,Pardubice I,Zelené Předměstí,Třída Míru,62,,53002,574716,Pardubický,IVT,TIPGAMES a.s.,26709112,7/16/2018,I701039
Pardubice,Pardubice I,Zelené Předměstí,Třída Míru,62,,53002,574716,Pardubický,IVT,TIPGAMES a.s.,26709112,7/16/2018,I701040
Pardubice,Pardubice I,Zelené Předměstí,Třída Míru,62,,53002,574716,Pardubický,IVT,TIPGAMES a.s.,26709112,7/16/2018,714206
Pardubice,Pardubice I,Zelené Předměstí,Třída Míru,62,,53002,574716,Pardubický,IVT,TIPGAMES a.s.,26709112,7/16/2018,714208
Pardubice,Pardubice I,Zelené Předměstí,Třída Míru,62,,53002,574716,Pardubický,IVT,TIPGAMES a.s.,26709112,9/14/2017,ML2859
Pardubice,Pardubice I,Zelené Předměstí,Třída Míru,62,,53002,574716,Pardubický,IVT,TIPGAMES a.s.,26709112,9/14/2017,ML2097
Pardubice,Pardubice I,Zelené Předměstí,Třída Míru,62,,53002,574716,Pardubický,IVT,TIPGAMES a.s.,26709112,9/14/2017,ML2098
Pardubice,Pardubice I,Zelené Předměstí,Třída Míru,68,,53002,574716,Pardubický,LLS,ENDL + K a.s.,26805600,6/20/2015,MB14026
Pardubice,Pardubice I,Zelené Předměstí,Třída Míru,68,,53002,574716,Pardubický,IVT,ENDL + K a.s.,26805600,5/22/2016,AP1TR0010033
Pardubice,Pardubice I,Zelené Předměstí,Třída Míru,68,,53002,574716,Pardubický,IVT,ENDL + K a.s.,26805600,4/29/2018,3ON300350
Pardubice,Pardubice I,Zelené Předměstí,Třída Míru,68,,53002,574716,Pardubický,IVT,ENDL + K a.s.,26805600,12/8/2019,EN057-01
Pardubice,Pardubice I,Zelené Předměstí,Třída Míru,68,,53002,574716,Pardubický,IVT,ENDL + K a.s.,26805600,12/8/2019,EN057-02
Pardubice,Pardubice I,Zelené Předměstí,Třída Míru,68,,53002,574716,Pardubický,IVT,ENDL + K a.s.,26805600,12/8/2019,EN057-03
Pardubice,Pardubice I,Zelené Předměstí,Třída Míru,68,,53002,574716,Pardubický,ostatní §50/3,ENDL + K a.s.,26805600,6/16/2019,EN027-01
Pardubice,Pardubice I,Zelené Předměstí,Třída Míru,68,,53002,574716,Pardubický,ostatní §50/3,ENDL + K a.s.,26805600,6/16/2019,EN027-02
Pardubice,Pardubice I,Zelené Předměstí,Třída Míru,68,,53002,574716,Pardubický,ostatní §50/3,ENDL + K a.s.,26805600,6/16/2019,EN027-03
Pardubice,Pardubice I,Zelené Předměstí,Třída Míru,68,,53002,574716,Pardubický,IVT,ENDL + K a.s.,26805600,4/30/2018,720454
Pardubice,Pardubice I,Zelené Předměstí,Třída Míru,68,,53002,574716,Pardubický,IVT,ENDL + K a.s.,26805600,4/30/2018,I701754
Pardubice,Pardubice I,Zelené Předměstí,Třída Míru,68,,53002,574716,Pardubický,IVT,ENDL + K a.s.,26805600,4/30/2018,I701755
Pardubice,Pardubice I,Zelené Předměstí,Třída Míru,68,,53002,574716,Pardubický,IVT,ENDL + K a.s.,26805600,2/12/2017,TDEN00207
Pardubice,Pardubice I,Zelené Předměstí,Třída Míru,68,,53002,574716,Pardubický,IVT,ENDL + K a.s.,26805600,2/12/2017,TDEN01807
Pardubice,Pardubice I,Zelené Předměstí,Třída Míru,68,,53002,574716,Pardubický,EMR,ENDL + K a.s.,26805600,5/3/2019,6037
Pardubice,Pardubice I,Zelené Předměstí,Třída Míru,68,,53002,574716,Pardubický,IVT,ENDL + K a.s.,26805600,4/23/2017,9110109004229
Pardubice,Pardubice I,Zelené Předměstí,Třída Míru,68,,53002,574716,Pardubický,IVT,ENDL + K a.s.,26805600,4/23/2017,9110209005033
Pardubice,Pardubice I,Zelené Předměstí,Třída Míru,68,,53002,574716,Pardubický,IVT,ENDL + K a.s.,26805600,4/23/2017,9110209005034
Pardubice,Pardubice I,Zelené Předměstí,Třída Míru,68,,53002,574716,Pardubický,IVT,ENDL + K a.s.,26805600,4/23/2017,9110209005035
Pardubice,Pardubice I,Zelené Předměstí,Třída Míru,68,,53002,574716,Pardubický,IVT,ENDL + K a.s.,26805600,4/23/2017,9110209005036
Pardubice,Pardubice I,Zelené Předměstí,Třída Míru,68,,53002,574716,Pardubický,IVT,ENDL + K a.s.,26805600,3/5/2018,ML12222
Pardubice,Pardubice I,Zelené Předměstí,Třída Míru,68,,53002,574716,Pardubický,IVT,ENDL + K a.s.,26805600,3/5/2018,ML12223
Pardubice,Pardubice I,Zelené Předměstí,Třída Míru,68,,53002,574716,Pardubický,IVT,ENDL + K a.s.,26805600,3/5/2018,ML12224
Pardubice,Pardubice I,Zelené Předměstí,Třída Míru,68,,53002,574716,Pardubický,IVT,ENDL + K a.s.,26805600,3/5/2018,ML12229
Pardubice,Pardubice I,Zelené Předměstí,Třída Míru,68,,53002,574716,Pardubický,IVT,ENDL + K a.s.,26805600,4/30/2018,717408
Pardubice,Pardubice I,Zelené Předměstí,Třída Míru,112,,53002,574716,Pardubický,IVT,ENDL + K a.s.,26805600,4/29/2018,3ON300339
Pardubice,Pardubice I,Zelené Předměstí,Třída Míru,112,,53002,574716,Pardubický,ostatní §50/3,ENDL + K a.s.,26805600,6/16/2019,EN017-01
Pardubice,Pardubice I,Zelené Předměstí,Třída Míru,112,,53002,574716,Pardubický,ostatní §50/3,ENDL + K a.s.,26805600,6/16/2019,EN017-02
Pardubice,Pardubice I,Zelené Předměstí,Třída Míru,112,,53002,574716,Pardubický,ostatní §50/3,ENDL + K a.s.,26805600,6/16/2019,EN017-03
Pardubice,Pardubice I,Zelené Předměstí,Třída Míru,112,,53002,574716,Pardubický,IVT,ENDL + K a.s.,26805600,4/23/2017,9110109004244
Pardubice,Pardubice I,Zelené Předměstí,Třída Míru,112,,53002,574716,Pardubický,IVT,ENDL + K a.s.,26805600,3/5/2018,ML12354
Pardubice,Pardubice I,Zelené Předměstí,Třída Míru,112,,53002,574716,Pardubický,IVT,ENDL + K a.s.,26805600,4/23/2017,9111008006942
Pardubice,Pardubice I,Zelené Předměstí,Třída Míru,112,,53002,574716,Pardubický,IVT,ENDL + K a.s.,26805600,4/23/2017,9111008006943
Pardubice,Pardubice I,Zelené Předměstí,Třída Míru,112,,53002,574716,Pardubický,IVT,ENDL + K a.s.,26805600,4/30/2018,I700132
Pardubice,Pardubice I,Zelené Předměstí,Třída Míru,112,,53002,574716,Pardubický,IVT,ENDL + K a.s.,26805600,4/30/2018,713539
Pardubice,Pardubice I,Zelené Předměstí,Třída Míru,112,,53002,574716,Pardubický,IVT,ENDL + K a.s.,26805600,4/30/2018,713540
Pardubice,Pardubice I,Zelené Předměstí,Třída Míru,112,,53002,574716,Pardubický,IVT,ENDL + K a.s.,26805600,4/23/2017,9110308000654
Pardubice,Pardubice I,Zelené Předměstí,Třída Míru,112,,53002,574716,Pardubický,IVT,ENDL + K a.s.,26805600,3/5/2018,ML12044
Pardubice,Pardubice I,Zelené Předměstí,Třída Míru,112,,53002,574716,Pardubický,IVT,ENDL + K a.s.,26805600,3/5/2018,ML12045
Pardubice,Pardubice I,Zelené Předměstí,Třída Míru,112,,53002,574716,Pardubický,EMR,ENDL + K a.s.,26805600,12/31/2017,6199
Pardubice,Pardubice I,Zelené Předměstí,Třída Míru,112,,53002,574716,Pardubický,TZ - §2 j),ENDL + K a.s.,26805600,11/30/2017,074
Pardubice,Pardubice I,Zelené Předměstí,Třída Míru,112,,53002,574716,Pardubický,IVT,ENDL + K a.s.,26805600,4/23/2017,9110806001334
Pardubice,Pardubice I,Zelené Předměstí,Třída Míru,112,,53002,574716,Pardubický,IVT,ENDL + K a.s.,26805600,2/12/2017,9110806001336
Pardubice,Pardubice I,Zelené Předměstí,Třída Míru,112,,53002,574716,Pardubický,IVT,ENDL + K a.s.,26805600,2/12/2017,TDEN01107
Pardubice,Pardubice I,Zelené Předměstí,Třída Míru,112,,53002,574716,Pardubický,IVT,ENDL + K a.s.,26805600,2/12/2017,TDEN01207
Pardubice,Pardubice I,Zelené Předměstí,Třída Míru,112,,53002,574716,Pardubický,IVT,ENDL + K a.s.,26805600,4/23/2017,9110806001310
Pardubice,Pardubice I,Zelené Předměstí,Třída Míru,112,,53002,574716,Pardubický,IVT,ENDL + K a.s.,26805600,2/12/2017,TDEN02406
Pardubice,Pardubice I,Zelené Předměstí,třída Míru,302,,53002,574716,Pardubický,Sázkové hry v kasinu,NET and GAMES a.s.,28330633,4/20/2017,PS-BJ-0122
Pardubice,Pardubice I,Zelené Předměstí,Třída Míru,302,,53002,574716,Pardubický,LLS,NET and GAMES a.s.,28330633,12/1/2016,ARG10915694
Pardubice,Pardubice I,Zelené Předměstí,Třída Míru,302,,53002,574716,Pardubický,LLS,NET and GAMES a.s.,28330633,2/19/2016,NG020-01/M
Pardubice,Pardubice I,Zelené Předměstí,Třída Míru,302,,53002,574716,Pardubický,IVT,NET and GAMES a.s.,28330633,3/18/2016,3ON300906
Pardubice,Pardubice I,Zelené Předměstí,Třída Míru,302,,53002,574716,Pardubický,IVT,NET and GAMES a.s.,28330633,3/18/2016,725202
Pardubice,Pardubice I,Zelené Předměstí,Třída Míru,302,,53002,574716,Pardubický,IVT,NET and GAMES a.s.,28330633,3/18/2016,725214
Pardubice,Pardubice I,Zelené Předměstí,Třída Míru,302,,53002,574716,Pardubický,IVT,NET and GAMES a.s.,28330633,3/18/2016,I703291
Pardubice,Pardubice I,Zelené Předměstí,Třída Míru,302,,53002,574716,Pardubický,IVT,NET and GAMES a.s.,28330633,3/18/2016,I703327
Pardubice,Pardubice I,Zelené Předměstí,Třída Míru,302,,53002,574716,Pardubický,IVT,MERKUR CASINO a.s.,27151506,2/8/2019,3098300127
Pardubice,Pardubice I,Zelené Předměstí,Třída Míru,302,,53002,574716,Pardubický,IVT,NET and GAMES a.s.,28330633,9/21/2019,ML22700
Pardubice,Pardubice I,Zelené Předměstí,Třída Míru,302,,53002,574716,Pardubický,IVT,NET and GAMES a.s.,28330633,9/21/2019,ML22701
Pardubice,Pardubice I,Zelené Předměstí,Třída Míru,302,,53002,574716,Pardubický,IVT,NET and GAMES a.s.,28330633,9/21/2019,ML22702
Pardubice,Pardubice I,Zelené Předměstí,Třída Míru,302,,53002,574716,Pardubický,IVT,NET and GAMES a.s.,28330633,9/21/2019,ML22703
Pardubice,Pardubice I,Zelené Předměstí,Třída Míru,302,,53002,574716,Pardubický,IVT,NET and GAMES a.s.,28330633,9/21/2019,ML22401
Pardubice,Pardubice I,Zelené Předměstí,Třída Míru,302,,53002,574716,Pardubický,IVT,NET and GAMES a.s.,28330633,9/21/2019,ML22402
Pardubice,Pardubice I,Zelené Předměstí,Třída Míru,302,,53002,574716,Pardubický,IVT,NET and GAMES a.s.,28330633,9/21/2019,ML22004
Pardubice,Pardubice I,Zelené Předměstí,Třída Míru,302,,53002,574716,Pardubický,IVT,NET and GAMES a.s.,28330633,9/21/2019,ML22005
Pardubice,Pardubice I,Zelené Předměstí,Třída Míru,302,,53002,574716,Pardubický,IVT,NET and GAMES a.s.,28330633,9/21/2019,ML22006
Pardubice,Pardubice I,Zelené Předměstí,Třída Míru,302,,53002,574716,Pardubický,IVT,NET and GAMES a.s.,28330633,4/29/2019,9110509006940
Pardubice,Pardubice I,Zelené Předměstí,Třída Míru,302,,53002,574716,Pardubický,IVT,NET and GAMES a.s.,28330633,4/29/2019,9110806001207
Pardubice,Pardubice I,Zelené Předměstí,Třída Míru,302,,53002,574716,Pardubický,IVT,NET and GAMES a.s.,28330633,4/29/2019,9110907001962
Pardubice,Pardubice I,Zelené Předměstí,Třída Míru,302,,53002,574716,Pardubický,IVT,NET and GAMES a.s.,28330633,4/29/2019,9110907001963
Pardubice,Pardubice I,Zelené Předměstí,Třída Míru,302,,53002,574716,Pardubický,IVT,NET and GAMES a.s.,28330633,4/29/2019,9110907001965
Pardubice,Pardubice I,Zelené Předměstí,Třída Míru,302,,53002,574716,Pardubický,IVT,NET and GAMES a.s.,28330633,4/29/2019,9110907001966
Pardubice,Pardubice I,Zelené Předměstí,Třída Míru,302,,53002,574716,Pardubický,IVT,NET and GAMES a.s.,28330633,4/29/2019,9110907001967
Pardubice,Pardubice I,Zelené Předměstí,Třída Míru,302,,53002,574716,Pardubický,IVT,NET and GAMES a.s.,28330633,4/29/2019,9110907001968
Pardubice,Pardubice I,Zelené Předměstí,Třída Míru,302,,53002,574716,Pardubický,IVT,NET and GAMES a.s.,28330633,4/29/2019,9111007002332
Pardubice,Pardubice I,Zelené Předměstí,U Divadla,620,,53002,574716,Pardubický,IVT,"SYNOT TIP, a.s.",26301091,12/31/2017,3ON303554
Pardubice,Pardubice I,Zelené Předměstí,U Divadla,620,,53002,574716,Pardubický,IVT,"SYNOT TIP, a.s.",26301091,12/31/2017,729276
Pardubice,Pardubice I,Zelené Předměstí,U Divadla,620,,53002,574716,Pardubický,IVT,"SYNOT TIP, a.s.",26301091,12/31/2017,I705891
Pardubice,Pardubice I,Zelené Předměstí,U Divadla,620,,53002,574716,Pardubický,IVT,"SYNOT TIP, a.s.",26301091,12/16/2018,9110109004079
Pardubice,Pardubice I,Zelené Předměstí,U Divadla,620,,53002,574716,Pardubický,LLS,"SYNOT TIP, a.s.",26301091,9/18/2016,DP017
Pardubice,Pardubice I,Zelené Předměstí,U Divadla,620,,53002,574716,Pardubický,IVT,"SYNOT TIP, a.s.",26301091,12/31/2017,50018
Pardubice,Pardubice I,Zelené Předměstí,U Divadla,620,,53002,574716,Pardubický,IVT,"SYNOT TIP, a.s.",26301091,6/4/2018,ML16012
Pardubice,Pardubice I,,K Dolíčku,,12,53002,574716,Pardubický,IVT,multigate a.s.,25912186,11/9/2018,I703169
Pardubice,Pardubice I,,Palackého,,,53002,574716,Pardubický,TZ - §2 j),"SYNOT TIP, a.s.",26301091,10/1/2018,LB-015
Pardubice,Pardubice I,,Pardubice-Dražkovice,,,53002,574716,Pardubický,IVT,"SYNOT TIP, a.s.",26301091,12/31/2017,10527
Pardubice,Pardubice I,,Pardubice-Dražkovice,,,53002,574716,Pardubický,IVT,"SYNOT TIP, a.s.",26301091,12/31/2017,4994
Pardubice,Pardubice I,,Smilova,500,,53002,574716,Pardubický,IVT,"VIKTORIAPLAY, a.s.",25402391,12/31/2017,54702059
Pardubice,Pardubice I,,tř. Míru,67,,53002,574716,Pardubický,IVT,"AUTO GAMES, a.s.",25544608,2/6/2015,AGT11320103
Pardubice,Pardubice I,,tř. Míru,67,,53002,574716,Pardubický,IVT,"AUTO GAMES, a.s.",25544608,11/21/2015,9110209004998
Pardubice,Pardubice I,,tř. Míru,67,,53002,574716,Pardubický,IVT,"AUTO GAMES, a.s.",25544608,7/31/2015,I704274
Pardubice,Pardubice I,,tř. Míru,67,,53002,574716,Pardubický,IVT,"AUTO GAMES, a.s.",25544608,11/21/2015,AP1TY0001029
Pardubice,Pardubice I,,tř. Míru,67,,53002,574716,Pardubický,IVT,"AUTO GAMES, a.s.",25544608,11/21/2015,463154
Pardubice,Pardubice I,,tř. Míru,67,,53002,574716,Pardubický,IVT,"AUTO GAMES, a.s.",25544608,11/21/2015,ML1078041
Pardubice,Pardubice I,,tř. Míru,67,,53002,574716,Pardubický,IVT,"AUTO GAMES, a.s.",25544608,11/21/2015,ML1078042
Pardubice,Pardubice I,,tř. Míru,111,,53002,574716,Pardubický,EMR,ENDL + K a.s.,26805600,11/14/2015,1893
Pardubice,Pardubice I,,tř. Míru,111,,53002,574716,Pardubický,LLS,ENDL + K a.s.,26805600,6/20/2015,MB14048
Pardubice,Pardubice I,,tř. Míru,111,,53002,574716,Pardubický,LLS,ENDL + K a.s.,26805600,6/20/2015,MB14002
Pardubice,Pardubice I,,tř. Míru,111,,53002,574716,Pardubický,Sázkové hry v kasinu,ENDL + K a.s.,26805600,5/4/2017,BJEN03
Pardubice,Pardubice I,,tř. Míru,111,,53002,574716,Pardubický,Sázkové hry v kasinu,ENDL + K a.s.,26805600,5/4/2017,REN003
Pardubice,Pardubice I,,tř. Míru,111,,53002,574716,Pardubický,IVT,ENDL + K a.s.,26805600,5/22/2016,AP1TR0010036
Pardubice,Pardubice I,,tř. Míru,111,,53002,574716,Pardubický,IVT,ENDL + K a.s.,26805600,5/22/2016,AP1TR0010037
Pardubice,Pardubice I,,tř. Míru,111,,53002,574716,Pardubický,IVT,ENDL + K a.s.,26805600,5/22/2016,AP1TR0010005
Pardubice,Pardubice I,,tř. Míru,111,,53002,574716,Pardubický,LLS,ENDL + K a.s.,26805600,5/2/2016,EN131-01/M
Pardubice,Pardubice I,,tř. Míru,111,,53002,574716,Pardubický,IVT,ENDL + K a.s.,26805600,4/22/2017,9110410001232
Pardubice,Pardubice I,,tř. Míru,111,,53002,574716,Pardubický,IVT,ENDL + K a.s.,26805600,4/30/2018,5ON500458
Pardubice,Pardubice I,,tř. Míru,111,,53002,574716,Pardubický,IVT,ENDL + K a.s.,26805600,3/5/2018,ML12760
Pardubice,Pardubice I,,tř. Míru,111,,53002,574716,Pardubický,IVT,ENDL + K a.s.,26805600,3/5/2018,ML12763
Pardubice,Pardubice I,,tř. Míru,111,,53002,574716,Pardubický,IVT,ENDL + K a.s.,26805600,2/12/2017,TDEN05707
Pardubice,Pardubice I,,tř. Míru,111,,53002,574716,Pardubický,IVT,ENDL + K a.s.,26805600,3/4/2018,ML12454
Pardubice,Pardubice I,,tř. Míru,111,,53002,574716,Pardubický,IVT,ENDL + K a.s.,26805600,3/4/2018,ML12461
Pardubice,Pardubice I,,tř. Míru,111,,53002,574716,Pardubický,IVT,ENDL + K a.s.,26805600,3/4/2018,ML12462
Pardubice,Pardubice I,,tř. Míru,111,,53002,574716,Pardubický,IVT,ENDL + K a.s.,26805600,3/4/2018,ML12463
Pardubice,Pardubice I,,tř. Míru,111,,53002,574716,Pardubický,IVT,ENDL + K a.s.,26805600,4/22/2017,9110410001093
Pardubice,Pardubice I,,tř. Míru,111,,53002,574716,Pardubický,IVT,ENDL + K a.s.,26805600,4/29/2018,I703010
Pardubice,Pardubice I,,tř. Míru,111,,53002,574716,Pardubický,IVT,ENDL + K a.s.,26805600,4/30/2018,4EN100017
Pardubice,Pardubice I,,tř. Míru,111,,53002,574716,Pardubický,IVT,ENDL + K a.s.,26805600,3/4/2018,ML12645
Pardubice,Pardubice I,,tř. Míru,111,,53002,574716,Pardubický,IVT,ENDL + K a.s.,26805600,3/4/2018,ML12646
Pardubice,Pardubice I,,tř. Míru,111,,53002,574716,Pardubický,IVT,ENDL + K a.s.,26805600,3/4/2018,ML12647
Pardubice,Pardubice I,,tř. Míru,111,,53002,574716,Pardubický,IVT,ENDL + K a.s.,26805600,3/4/2018,Ml12648
Pardubice,Pardubice I,,tř. Míru,111,,53002,574716,Pardubický,IVT,ENDL + K a.s.,26805600,3/4/2018,ML12649
Pardubice,Pardubice I,,tř. Míru,111,,53002,574716,Pardubický,IVT,ENDL + K a.s.,26805600,4/29/2018,3ON301067
Pardubice,Pardubice I,,tř. Míru,111,,53002,574716,Pardubický,IVT,ENDL + K a.s.,26805600,4/29/2018,725585
Pardubice,Pardubice I,,tř. Míru,111,,53002,574716,Pardubický,IVT,ENDL + K a.s.,26805600,4/29/2018,725586
Pardubice,Pardubice I,,tř. Míru,111,,53002,574716,Pardubický,IVT,ENDL + K a.s.,26805600,4/29/2018,725587
Pardubice,Pardubice I,,tř. Míru,111,,53002,574716,Pardubický,IVT,ENDL + K a.s.,26805600,4/29/2018,725588
Pardubice,Pardubice I,,tř. Míru,111,,53002,574716,Pardubický,IVT,ENDL + K a.s.,26805600,4/29/2018,I703537
Pardubice,Pardubice I,,tř. Míru,111,,53002,574716,Pardubický,IVT,ENDL + K a.s.,26805600,4/29/2018,3ON300338
Pardubice,Pardubice I,,tř. Míru,111,,53002,574716,Pardubický,EMR,ENDL + K a.s.,26805600,12/31/2019,1317
Pardubice,Pardubice I,,tř. Míru,111,,53002,574716,Pardubický,TZ - §2 j),ENDL + K a.s.,26805600,12/7/2019,HK28058
Pardubice,Pardubice I,,tř. Míru,111,,53002,574716,Pardubický,ostatní §50/3,ENDL + K a.s.,26805600,6/16/2019,EN024-01
Pardubice,Pardubice I,,tř. Míru,111,,53002,574716,Pardubický,ostatní §50/3,ENDL + K a.s.,26805600,6/16/2019,EN024-02
Pardubice,Pardubice I,,tř. Míru,111,,53002,574716,Pardubický,ostatní §50/3,ENDL + K a.s.,26805600,6/16/2019,EN024-03
Pardubice,Pardubice I,,tř. Míru,111,,53002,574716,Pardubický,IVT,ENDL + K a.s.,26805600,4/23/2017,9110109004243
Pardubice,Pardubice I,,tř. Míru,111,,53002,574716,Pardubický,IVT,ENDL + K a.s.,26805600,3/5/2018,ML12349
Pardubice,Pardubice I,,tř. Míru,111,,53002,574716,Pardubický,IVT,ENDL + K a.s.,26805600,3/5/2018,ML12350
Pardubice,Pardubice I,,tř. Míru,111,,53002,574716,Pardubický,IVT,ENDL + K a.s.,26805600,3/5/2018,ML12351
Pardubice,Pardubice I,,tř. Míru,111,,53002,574716,Pardubický,IVT,ENDL + K a.s.,26805600,4/30/2018,1ST100172
Pardubice,Pardubice I,,tř. Míru,111,,53002,574716,Pardubický,IVT,ENDL + K a.s.,26805600,4/30/2018,1ST100173
Pardubice,Pardubice I,,tř. Míru,111,,53002,574716,Pardubický,IVT,ENDL + K a.s.,26805600,4/30/2018,2ST200197
Pardubice,Pardubice I,,tř. Míru,111,,53002,574716,Pardubický,IVT,ENDL + K a.s.,26805600,2/12/2017,TDEN18907
Pardubice,Pardubice I,,tř. Míru,111,,53002,574716,Pardubický,IVT,ENDL + K a.s.,26805600,4/23/2017,9111008006937
Pardubice,Pardubice I,,tř. Míru,111,,53002,574716,Pardubický,IVT,ENDL + K a.s.,26805600,4/23/2017,9111008006938
Pardubice,Pardubice I,,tř. Míru,111,,53002,574716,Pardubický,IVT,ENDL + K a.s.,26805600,4/30/2018,I700634
Pardubice,Pardubice I,,tř. Míru,111,,53002,574716,Pardubický,IVT,ENDL + K a.s.,26805600,4/30/2018,I700119
Pardubice,Pardubice I,,tř. Míru,111,,53002,574716,Pardubický,IVT,ENDL + K a.s.,26805600,3/5/2018,ML12132
Pardubice,Pardubice I,,tř. Míru,111,,53002,574716,Pardubický,IVT,ENDL + K a.s.,26805600,3/5/2018,ML12133
Pardubice,Pardubice I,,tř. Míru,111,,53002,574716,Pardubický,IVT,ENDL + K a.s.,26805600,3/5/2018,ML12134
Pardubice,Pardubice I,,tř. Míru,111,,53002,574716,Pardubický,IVT,ENDL + K a.s.,26805600,4/23/2017,9110408003347
Pardubice,Pardubice I,,tř. Míru,111,,53002,574716,Pardubický,IVT,ENDL + K a.s.,26805600,4/23/2017,9110408003348
Pardubice,Pardubice I,,tř. Míru,111,,53002,574716,Pardubický,IVT,ENDL + K a.s.,26805600,4/30/2018,713510
Pardubice,Pardubice I,,tř. Míru,111,,53002,574716,Pardubický,IVT,ENDL + K a.s.,26805600,4/30/2018,713511
Pardubice,Pardubice I,,tř. Míru,111,,53002,574716,Pardubický,IVT,ENDL + K a.s.,26805600,4/30/2018,713536
Pardubice,Pardubice I,,tř. Míru,111,,53002,574716,Pardubický,IVT,ENDL + K a.s.,26805600,4/30/2018,713537
Pardubice,Pardubice I,,tř. Míru,111,,53002,574716,Pardubický,IVT,ENDL + K a.s.,26805600,4/30/2018,713538
Pardubice,Pardubice I,,tř. Míru,111,,53002,574716,Pardubický,IVT,ENDL + K a.s.,26805600,3/5/2018,ML12042
Pardubice,Pardubice I,,tř. Míru,111,,53002,574716,Pardubický,IVT,ENDL + K a.s.,26805600,3/5/2018,ML12043
Pardubice,Pardubice I,,tř. Míru,111,,53002,574716,Pardubický,IVT,ENDL + K a.s.,26805600,4/23/2017,9110208000202
Pardubice,Pardubice I,,tř. Míru,111,,53002,574716,Pardubický,IVT,ENDL + K a.s.,26805600,2/12/2017,TDEN02107
Pardubice,Pardubice I,,tř. Míru,111,,53002,574716,Pardubický,IVT,ENDL + K a.s.,26805600,2/12/2017,TDEN02207
Pardubice,Pardubice I,,tř. Míru,111,,53002,574716,Pardubický,IVT,ENDL + K a.s.,26805600,2/12/2017,TDEN02307
Pardubice,Pardubice I,,tř. Míru,111,,53002,574716,Pardubický,IVT,ENDL + K a.s.,26805600,4/23/2017,9110806001326
Pardubice,Pardubice I,,tř. Míru,111,,53002,574716,Pardubický,IVT,ENDL + K a.s.,26805600,4/23/2017,9110806001327
Pardubice,Pardubice I,,tř. Míru,111,,53002,574716,Pardubický,IVT,ENDL + K a.s.,26805600,4/23/2017,9110806001328
Pardubice,Pardubice I,,tř. Míru,111,,53002,574716,Pardubický,IVT,ENDL + K a.s.,26805600,2/12/2017,TDEN01406
Pardubice,Pardubice I,,tř. Míru,111,,53002,574716,Pardubický,IVT,ENDL + K a.s.,26805600,2/12/2017,TDEN01506
Pardubice,Pardubice I,,Závodu míru,1898,,53002,574716,Pardubický,IVT,MASOX a.s.,28373154,1/10/2016,ML25058
Pardubice,Pardubice I,,Závodu míru,1898,,53002,574716,Pardubický,IVT,MASOX a.s.,28373154,1/10/2016,ML25109
Pardubice,Pardubice I,,Závodu míru,1898,,53002,574716,Pardubický,IVT,MASOX a.s.,28373154,1/11/2016,AP1TF0001094
Pardubice,Pardubice I,,Závodu míru,1898,,53002,574716,Pardubický,IVT,MASOX a.s.,28373154,6/29/2019,9110111000040
Pardubice,Pardubice I,,Závodu míru,1898,,53002,574716,Pardubický,IVT,"SLOT Group, a.s.",62741560,2/21/2018,ML26151
Pardubice,Pardubice I,,Závodu míru,1898,,53002,574716,Pardubický,IVT,"SLOT Group, a.s.",62741560,12/21/2019,726099
Pardubice,Pardubice I,,Závodu míru,1898,,53002,574716,Pardubický,IVT,"SLOT Group, a.s.",62741560,6/25/2018,9110310000064
Pardubice,Pardubice I,,Závodu míru,1898,,53002,574716,Pardubický,IVT,CAMPA - NET a.s.,27770567,4/23/2017,9110608004502
Pardubice,Pardubice I,,Závodu míru,1898,,53002,574716,Pardubický,IVT,CAMPA - NET a.s.,27770567,4/23/2017,9110608004503
Pardubice,Pardubice I,,Závodu míru,1898,,53002,574716,Pardubický,IVT,CAMPA - NET a.s.,27770567,4/23/2017,9110608004504
Pardubice,Pardubice I,,Závodu míru,1898,,53002,574716,Pardubický,IVT,CAMPA - NET a.s.,27770567,4/23/2017,9110608004505
Pardubice,Pardubice I,,Závodu míru,1898,,53002,574716,Pardubický,IVT,CAMPA - NET a.s.,27770567,4/23/2017,9110608004506
Pardubice,Pardubice I,,Závodu míru,1898,,53002,574716,Pardubický,IVT,CAMPA - NET a.s.,27770567,4/23/2017,9110608004507
Pardubice,Pardubice I,,Závodu míru,1898,,53002,574716,Pardubický,IVT,CAMPA - NET a.s.,27770567,4/23/2017,9110608004508
Pardubice,Pardubice II,Cihelna,K Cihelně,4,,53009,555126,Pardubický,IVT,NET and GAMES a.s.,28330633,4/29/2019,9111208009531
Pardubice,Pardubice II,Cihelna,U Josefa,119,,53009,555126,Pardubický,IVT,"SLOT Group, a.s.",62741560,9/26/2015,ML10098
Pardubice,Pardubice II,Cihelna,U Josefa,119,,53009,555126,Pardubický,IVT,"SLOT Group, a.s.",62741560,8/20/2015,9110310000006
Pardubice,Pardubice II,Cihelna,U Josefa,119,,53009,555126,Pardubický,IVT,"SLOT Group, a.s.",62741560,9/3/2015,715907
Pardubice,Pardubice II,Cihelna,U Josefa,119,,53009,555126,Pardubický,IVT,"SLOT Group, a.s.",62741560,4/19/2017,9110509007091
Pardubice,Pardubice II,Cihelna,U Josefa,119,,53009,555126,Pardubický,IVT,"SLOT Group, a.s.",62741560,4/25/2018,1110246
Pardubice,Pardubice II,Polabiny,Bělehradská,554,,53009,555126,Pardubický,LLS,ENDL + K a.s.,26805600,12/5/2015,MB14001
Pardubice,Pardubice II,Polabiny,Bělehradská,554,,53009,555126,Pardubický,LLS,ENDL + K a.s.,26805600,5/2/2016,EN089-01
Pardubice,Pardubice II,Polabiny,Bělehradská,554,,53009,555126,Pardubický,IVT,ENDL + K a.s.,26805600,4/22/2017,9110408003365
Pardubice,Pardubice II,Polabiny,Bělehradská,554,,53009,555126,Pardubický,IVT,ENDL + K a.s.,26805600,4/23/2017,9110109004228
Pardubice,Pardubice II,Polabiny,Lidická,549,,53009,555126,Pardubický,IVT,"SYNOT TIP, a.s.",26301091,6/4/2018,ML16028
Pardubice,Pardubice II,Polabiny,Lidická,549,,53009,555126,Pardubický,IVT,"SYNOT TIP, a.s.",26301091,12/16/2018,9111008008006
Pardubice,Pardubice II,Polabiny,Lidická,549,,53009,555126,Pardubický,LLS,"SYNOT TIP, a.s.",26301091,4/18/2016,MP1651
Pardubice,Pardubice II,Polabiny,Lidická,549,,53009,555126,Pardubický,LLS,"SYNOT TIP, a.s.",26301091,2/18/2016,MP442-01
Pardubice,Pardubice II,Polabiny,Lidická,549,,53009,555126,Pardubický,EMR,"SYNOT TIP, a.s.",26301091,1/20/2015,GC-5164
Pardubice,Pardubice II,Polabiny,Lidická,549,,53009,555126,Pardubický,IVT,"SYNOT TIP, a.s.",26301091,12/30/2017,30583
Pardubice,Pardubice II,Polabiny,Lidická,549,,53009,555126,Pardubický,IVT,"SYNOT TIP, a.s.",26301091,12/30/2017,30584
Pardubice,Pardubice II,Polabiny,Lidická,549,,53009,555126,Pardubický,IVT,"SYNOT TIP, a.s.",26301091,12/31/2017,15363
Pardubice,Pardubice II,Polabiny,Lidická,549,,53009,555126,Pardubický,IVT,"SYNOT TIP, a.s.",26301091,12/31/2017,15364
Pardubice,Pardubice II,Polabiny,Lidická,549,,53009,555126,Pardubický,IVT,"SYNOT TIP, a.s.",26301091,12/31/2017,16543
Pardubice,Pardubice II,Polabiny,Lidická,549,,53009,555126,Pardubický,IVT,"SYNOT TIP, a.s.",26301091,12/31/2017,5090
Pardubice,Pardubice II,Polabiny,Npor. Eliáše,388,,53009,555126,Pardubický,IVT,"SLOT Group, a.s.",62741560,9/26/2015,9111108009034
Pardubice,Pardubice II,Polabiny,Npor. Eliáše,388,,53009,555126,Pardubický,IVT,"SLOT Group, a.s.",62741560,8/29/2015,9110310000030
Pardubice,Pardubice II,Polabiny,Npor. Eliáše,388,,53009,555126,Pardubický,IVT,"SLOT Group, a.s.",62741560,12/21/2019,I704174
Pardubice,Pardubice II,Polabiny,Npor. Eliáše,388,,53009,555126,Pardubický,IVT,"SLOT Group, a.s.",62741560,12/8/2016,379956
Pardubice,Pardubice II,Polabiny,Npor. Eliáše,388,,53009,555126,Pardubický,IVT,"SLOT Group, a.s.",62741560,12/5/2018,TDSL24408
Pardubice,Pardubice II,Polabiny,Npor. Eliáše,388,,53009,555126,Pardubický,IVT,"SLOT Group, a.s.",62741560,12/5/2018,VLT08016221
Pardubice,Pardubice II,Polabiny,Npor. Eliáše,388,,53009,555126,Pardubický,IVT,"SLOT Group, a.s.",62741560,12/15/2018,ML26529
Pardubice,Pardubice II,Polabiny,Npor. Eliáše,388,,53009,555126,Pardubický,IVT,"SLOT Group, a.s.",62741560,12/21/2019,3ON302469
Pardubice,Pardubice II,Polabiny,Npor. Eliáše,388,,53009,555126,Pardubický,IVT,"SLOT Group, a.s.",62741560,12/21/2019,726423
Pardubice,Pardubice II,Polabiny,Npor. Eliáše,388,,53009,555126,Pardubický,LLS,"SLOT Group, a.s.",62741560,6/30/2016,ST031-01/M
Pardubice,Pardubice II,Polabiny,Npor. Eliáše,388,,53009,555126,Pardubický,IVT,"SLOT Group, a.s.",62741560,2/21/2018,ML27068
Pardubice,Pardubice II,Polabiny,Npor. Eliáše,388,,53009,555126,Pardubický,IVT,"SLOT Group, a.s.",62741560,2/21/2018,ML27180
Pardubice,Pardubice II,Polabiny,Odborářů,346,,53009,555126,Pardubický,IVT,Play games a.s.,24773255,9/19/2015,5ON501944
Pardubice,Pardubice II,Polabiny,Odborářů,346,,53009,555126,Pardubický,IVT,Play games a.s.,24773255,9/19/2015,730446
Pardubice,Pardubice II,Polabiny,Odborářů,346,,53009,555126,Pardubický,IVT,Play games a.s.,24773255,9/19/2015,I706406
Pardubice,Pardubice II,Polabiny,Odborářů,346,,53009,555126,Pardubický,LLS,Play games a.s.,24773255,9/19/2015,PG097
Pardubice,Pardubice II,Polabiny,Odborářů,346,,53009,555126,Pardubický,IVT,Play games a.s.,24773255,9/15/2015,AP1TR0001083
Pardubice,Pardubice II,Polabiny,Odborářů,346,,53009,555126,Pardubický,IVT,Play games a.s.,24773255,9/15/2015,AP1TR0001164
Pardubice,Pardubice II,Polabiny,Odborářů,346,,53009,555126,Pardubický,IVT,Play games a.s.,24773255,5/20/2015,551472
Pardubice,Pardubice II,Polabiny,Odborářů,346,,53009,555126,Pardubický,IVT,Play games a.s.,24773255,4/6/2017,9110711000518
Pardubice,Pardubice II,Polabiny,Odborářů,346,,53009,555126,Pardubický,IVT,Play games a.s.,24773255,3/8/2017,ML34188
Pardubice,Pardubice II,Polabiny,Odborářů,346,,53009,555126,Pardubický,IVT,Play games a.s.,24773255,3/8/2017,ML34568
Pardubice,Pardubice II,Polabiny,Ohrazenická,310,,53009,555126,Pardubický,IVT,ENDL + K a.s.,26805600,10/30/2015,6EN600004
Pardubice,Pardubice II,Polabiny,Ohrazenická,310,,53009,555126,Pardubický,IVT,ENDL + K a.s.,26805600,6/25/2015,ML12362
Pardubice,Pardubice II,Polabiny,Ohrazenická,310,,53009,555126,Pardubický,IVT,ENDL + K a.s.,26805600,6/25/2015,ML12363
Pardubice,Pardubice II,Polabiny,Ohrazenická,310,,53009,555126,Pardubický,LLS,ENDL + K a.s.,26805600,6/20/2015,MB14016
Pardubice,Pardubice II,Polabiny,Ohrazenická,310,,53009,555126,Pardubický,IVT,ENDL + K a.s.,26805600,5/22/2016,AP1TR0010029
Pardubice,Pardubice II,Polabiny,Ohrazenická,310,,53009,555126,Pardubický,IVT,ENDL + K a.s.,26805600,4/22/2017,9110208000199
Pardubice,Pardubice II,Polabiny,Ohrazenická,310,,53009,555126,Pardubický,IVT,ENDL + K a.s.,26805600,3/4/2018,ML12757
Pardubice,Pardubice II,Polabiny,Ohrazenická,310,,53009,555126,Pardubický,IVT,ENDL + K a.s.,26805600,3/4/2018,ML12758
Pardubice,Pardubice II,Polabiny,Ohrazenická,310,,53009,555126,Pardubický,IVT,ENDL + K a.s.,26805600,4/30/2018,720460
Pardubice,Pardubice II,Polabiny,Ohrazenická,310,,53009,555126,Pardubický,IVT,ENDL + K a.s.,26805600,4/29/2018,3ON300340
Pardubice,Pardubice II,Polabiny,Ohrazenická,310,,53009,555126,Pardubický,EMR,ENDL + K a.s.,26805600,12/31/2019,1576
Pardubice,Pardubice II,Polabiny,Ohrazenická,310,,53009,555126,Pardubický,IVT,ENDL + K a.s.,26805600,12/8/2019,EN058-01
Pardubice,Pardubice II,Polabiny,Ohrazenická,310,,53009,555126,Pardubický,IVT,ENDL + K a.s.,26805600,12/8/2019,EN058-02
Pardubice,Pardubice II,Polabiny,Ohrazenická,310,,53009,555126,Pardubický,IVT,ENDL + K a.s.,26805600,12/8/2019,EN058-03
Pardubice,Pardubice II,Polabiny,Ohrazenická,310,,53009,555126,Pardubický,IVT,ENDL + K a.s.,26805600,12/8/2019,EN058-04
Pardubice,Pardubice II,Polabiny,Ohrazenická,310,,53009,555126,Pardubický,IVT,ENDL + K a.s.,26805600,12/8/2019,EN058-05
Pardubice,Pardubice II,Polabiny,Ohrazenická,310,,53009,555126,Pardubický,IVT,ENDL + K a.s.,26805600,12/8/2019,EN058-06
Pardubice,Pardubice II,Polabiny,Ohrazenická,310,,53009,555126,Pardubický,IVT,ENDL + K a.s.,26805600,12/8/2019,EN058-07
Pardubice,Pardubice II,Polabiny,Ohrazenická,310,,53009,555126,Pardubický,IVT,ENDL + K a.s.,26805600,12/8/2019,EN058-08
Pardubice,Pardubice II,Polabiny,Ohrazenická,310,,53009,555126,Pardubický,IVT,ENDL + K a.s.,26805600,12/8/2019,EN058-09
Pardubice,Pardubice II,Polabiny,Ohrazenická,310,,53009,555126,Pardubický,ostatní §50/3,ENDL + K a.s.,26805600,6/16/2019,EN018-01
Pardubice,Pardubice II,Polabiny,Ohrazenická,310,,53009,555126,Pardubický,ostatní §50/3,ENDL + K a.s.,26805600,6/16/2019,EN018-02
Pardubice,Pardubice II,Polabiny,Ohrazenická,310,,53009,555126,Pardubický,ostatní §50/3,ENDL + K a.s.,26805600,6/16/2019,EN018-03
Pardubice,Pardubice II,Polabiny,Ohrazenická,310,,53009,555126,Pardubický,IVT,ENDL + K a.s.,26805600,4/23/2017,9110109004241
Pardubice,Pardubice II,Polabiny,Ohrazenická,310,,53009,555126,Pardubický,IVT,ENDL + K a.s.,26805600,3/5/2018,ML12343
Pardubice,Pardubice II,Polabiny,Ohrazenická,310,,53009,555126,Pardubický,IVT,ENDL + K a.s.,26805600,3/5/2018,ML12344
Pardubice,Pardubice II,Polabiny,Ohrazenická,310,,53009,555126,Pardubický,IVT,ENDL + K a.s.,26805600,3/5/2018,ML12345
Pardubice,Pardubice II,Polabiny,Ohrazenická,310,,53009,555126,Pardubický,IVT,ENDL + K a.s.,26805600,4/30/2018,I700720
Pardubice,Pardubice II,Polabiny,Ohrazenická,310,,53009,555126,Pardubický,IVT,ENDL + K a.s.,26805600,4/23/2017,9111008006931
Pardubice,Pardubice II,Polabiny,Ohrazenická,310,,53009,555126,Pardubický,IVT,ENDL + K a.s.,26805600,4/23/2017,9111008006932
Pardubice,Pardubice II,Polabiny,Ohrazenická,310,,53009,555126,Pardubický,IVT,ENDL + K a.s.,26805600,3/5/2018,ML12195
Pardubice,Pardubice II,Polabiny,Ohrazenická,310,,53009,555126,Pardubický,IVT,ENDL + K a.s.,26805600,3/5/2018,ML12196
Pardubice,Pardubice II,Polabiny,Ohrazenická,310,,53009,555126,Pardubický,IVT,ENDL + K a.s.,26805600,4/30/2018,713542
Pardubice,Pardubice II,Polabiny,Ohrazenická,310,,53009,555126,Pardubický,IVT,ENDL + K a.s.,26805600,3/5/2018,ML12047
Pardubice,Pardubice II,Polabiny,Ohrazenická,310,,53009,555126,Pardubický,IVT,ENDL + K a.s.,26805600,4/23/2017,9110806001312
Pardubice,Pardubice II,Polabiny,Ohrazenická,310,,53009,555126,Pardubický,IVT,ENDL + K a.s.,26805600,2/12/2017,TDEN01306
Pardubice,Pardubice II,Polabiny,Ohrazenická,323,,53009,555126,Pardubický,IVT,"SYNOT TIP, a.s.",26301091,12/16/2018,9110610001814
Pardubice,Pardubice II,Polabiny,Ohrazenická,323,,53009,555126,Pardubický,IVT,"SYNOT TIP, a.s.",26301091,12/16/2018,9111008008008
Pardubice,Pardubice II,Polabiny,Ohrazenická,323,,53009,555126,Pardubický,IVT,"SYNOT TIP, a.s.",26301091,6/4/2018,ML16016
Pardubice,Pardubice II,Polabiny,Ohrazenická,323,,53009,555126,Pardubický,IVT,"SYNOT TIP, a.s.",26301091,6/4/2018,ML16017
Pardubice,Pardubice II,Polabiny,Ohrazenická,323,,53009,555126,Pardubický,IVT,"SYNOT TIP, a.s.",26301091,6/4/2018,ML16018
Pardubice,Pardubice II,Polabiny,Ohrazenická,498,,53009,555126,Pardubický,EMR,"SYNOT TIP, a.s.",26301091,10/5/2015,GC5072
Pardubice,Pardubice II,Polabiny,Ohrazenická,498,,53009,555126,Pardubický,Sázkové hry v kasinu,"SYNOT TIP, a.s.",26301091,8/11/2017,PS-038
Pardubice,Pardubice II,Polabiny,Ohrazenická,498,,53009,555126,Pardubický,IVT,"SYNOT TIP, a.s.",26301091,8/2/2015,4505
Pardubice,Pardubice II,Polabiny,Ohrazenická,498,,53009,555126,Pardubický,IVT,"SYNOT TIP, a.s.",26301091,8/2/2015,5516
Pardubice,Pardubice II,Polabiny,Ohrazenická,498,,53009,555126,Pardubický,IVT,"SYNOT TIP, a.s.",26301091,8/2/2015,5523
Pardubice,Pardubice II,Polabiny,Ohrazenická,498,,53009,555126,Pardubický,IVT,"SYNOT TIP, a.s.",26301091,12/31/2017,3ON303513
Pardubice,Pardubice II,Polabiny,Ohrazenická,498,,53009,555126,Pardubický,IVT,"SYNOT TIP, a.s.",26301091,12/31/2017,3ON304057
Pardubice,Pardubice II,Polabiny,Ohrazenická,498,,53009,555126,Pardubický,IVT,"SYNOT TIP, a.s.",26301091,12/31/2017,729200
Pardubice,Pardubice II,Polabiny,Ohrazenická,498,,53009,555126,Pardubický,IVT,"SYNOT TIP, a.s.",26301091,12/31/2017,730934
Pardubice,Pardubice II,Polabiny,Ohrazenická,498,,53009,555126,Pardubický,IVT,"SYNOT TIP, a.s.",26301091,12/31/2017,I705840
Pardubice,Pardubice II,Polabiny,Ohrazenická,498,,53009,555126,Pardubický,IVT,"SYNOT TIP, a.s.",26301091,12/31/2017,I706321
Pardubice,Pardubice II,Polabiny,Ohrazenická,498,,53009,555126,Pardubický,LLS,"SYNOT TIP, a.s.",26301091,5/3/2017,LN002
Pardubice,Pardubice II,Polabiny,Ohrazenická,498,,53009,555126,Pardubický,LLS,"SYNOT TIP, a.s.",26301091,5/3/2017,LN035
Pardubice,Pardubice II,Polabiny,Ohrazenická,498,,53009,555126,Pardubický,LLS,"SYNOT TIP, a.s.",26301091,5/3/2017,LN049
Pardubice,Pardubice II,Polabiny,Ohrazenická,498,,53009,555126,Pardubický,LLS,"SYNOT TIP, a.s.",26301091,5/3/2017,LN071
Pardubice,Pardubice II,Polabiny,Ohrazenická,498,,53009,555126,Pardubický,IVT,"SYNOT TIP, a.s.",26301091,12/31/2017,15434
Pardubice,Pardubice II,Polabiny,Ohrazenická,498,,53009,555126,Pardubický,IVT,"SYNOT TIP, a.s.",26301091,12/31/2017,30290
Pardubice,Pardubice II,Polabiny,Ohrazenická,498,,53009,555126,Pardubický,IVT,"SYNOT TIP, a.s.",26301091,12/31/2017,5072
Pardubice,Pardubice II,Polabiny,Ohrazenická,498,,53009,555126,Pardubický,IVT,"SYNOT TIP, a.s.",26301091,12/31/2017,5099
Pardubice,Pardubice II,Polabiny,Ohrazenická,498,,53009,555126,Pardubický,IVT,"SYNOT TIP, a.s.",26301091,12/31/2017,50286
Pardubice,Pardubice II,Polabiny,Ohrazenická,498,,53009,555126,Pardubický,IVT,"SYNOT TIP, a.s.",26301091,6/4/2018,ML16092
Pardubice,Pardubice II,,J. Tomana,516,,53009,555126,Pardubický,LLS,ENDL + K a.s.,26805600,6/20/2015,MB14051
Pardubice,Pardubice II,,J. Tomana,516,,53009,555126,Pardubický,LLS,ENDL + K a.s.,26805600,10/18/2015,EN039
Pardubice,Pardubice II,,J. Tomana,516,,53009,555126,Pardubický,IVT,ENDL + K a.s.,26805600,4/30/2018,3ON300342
Pardubice,Pardubice II,,J. Tomana,516,,53009,555126,Pardubický,ostatní §50/3,ENDL + K a.s.,26805600,12/14/2019,EN056-01
Pardubice,Pardubice II,,J. Tomana,516,,53009,555126,Pardubický,ostatní §50/3,ENDL + K a.s.,26805600,12/14/2019,EN056-02
Pardubice,Pardubice II,,J. Tomana,516,,53009,555126,Pardubický,ostatní §50/3,ENDL + K a.s.,26805600,12/14/2019,EN056-03
Pardubice,Pardubice II,,J. Tomana,516,,53009,555126,Pardubický,ostatní §50/3,ENDL + K a.s.,26805600,12/14/2019,EN056-04
Pardubice,Pardubice II,,J. Tomana,516,,53009,555126,Pardubický,ostatní §50/3,ENDL + K a.s.,26805600,12/14/2019,EN056-05
Pardubice,Pardubice II,,J. Tomana,516,,53009,555126,Pardubický,ostatní §50/3,ENDL + K a.s.,26805600,12/14/2019,EN056-06
Pardubice,Pardubice II,,J. Tomana,516,,53009,555126,Pardubický,IVT,ENDL + K a.s.,26805600,3/5/2018,ML12455
Pardubice,Pardubice II,,J. Tomana,516,,53009,555126,Pardubický,IVT,ENDL + K a.s.,26805600,4/23/2017,9111008007023
Pardubice,Pardubice II,,J. Tomana,516,,53009,555126,Pardubický,IVT,ENDL + K a.s.,26805600,4/23/2017,9110209005037
Pardubice,Pardubice II,,J. Tomana,516,,53009,555126,Pardubický,IVT,ENDL + K a.s.,26805600,4/23/2017,9110209005038
Pardubice,Pardubice II,,J. Tomana,516,,53009,555126,Pardubický,EMR,ENDL + K a.s.,26805600,4/1/2019,6925
Pardubice,Pardubice II,,J. Tomana,516,,53009,555126,Pardubický,IVT,ENDL + K a.s.,26805600,4/23/2017,9110109004223
Pardubice,Pardubice II,,J. Tomana,516,,53009,555126,Pardubický,IVT,ENDL + K a.s.,26805600,3/5/2018,ML12268
Pardubice,Pardubice II,,J. Tomana,516,,53009,555126,Pardubický,IVT,ENDL + K a.s.,26805600,3/5/2018,ML12269
Pardubice,Pardubice II,,J. Tomana,516,,53009,555126,Pardubický,IVT,ENDL + K a.s.,26805600,3/5/2018,ML12270
Pardubice,Pardubice II,,J. Tomana,516,,53009,555126,Pardubický,IVT,ENDL + K a.s.,26805600,4/30/2018,720480
Pardubice,Pardubice II,,J. Tomana,516,,53009,555126,Pardubický,IVT,ENDL + K a.s.,26805600,4/30/2018,720481
Pardubice,Pardubice II,,J. Tomana,516,,53009,555126,Pardubický,IVT,ENDL + K a.s.,26805600,4/30/2018,I701801
Pardubice,Pardubice II,,J. Tomana,516,,53009,555126,Pardubický,IVT,ENDL + K a.s.,26805600,2/12/2017,TDEN25907
Pardubice,Pardubice II,,Kapitána Bartoše 388,,,53009,555126,Pardubický,IVT,"SLOT Group, a.s.",62741560,7/19/2017,9110509007466
Pardubice,Pardubice II,,Kapitána Bartoše 388,,,53009,555126,Pardubický,IVT,"SLOT Group, a.s.",62741560,12/31/2017,08830-00074
Pardubice,Pardubice II,,Kapitána Bartoše 388,,,53009,555126,Pardubický,EMR,"SLOT Group, a.s.",62741560,12/31/2019,1303
Pardubice,Pardubice II,,Kapitána Bartoše 388,,,53009,555126,Pardubický,IVT,"SLOT Group, a.s.",62741560,9/18/2018,TDLR02508
Pardubice,Pardubice II,,Kapitána Bartoše 388,,,53009,555126,Pardubický,IVT,"SLOT Group, a.s.",62741560,4/25/2018,287482001
Pardubice,Pardubice II,,Kapitána Bartoše 388,,,53009,555126,Pardubický,IVT,"SLOT Group, a.s.",62741560,4/19/2017,9100806001470
Pardubice,Pardubice II,,Kapitána Bartoše 388,,,53009,555126,Pardubický,IVT,"SLOT Group, a.s.",62741560,4/19/2017,9100407000712
Pardubice,Pardubice II,,Kapitána Bartoše 388,,,53009,555126,Pardubický,IVT,"SLOT Group, a.s.",62741560,12/31/2017,883000063
Pardubice,Pardubice III,Bílé Předměstí,Dašická,1796,,53003,557064,Pardubický,Sázkové hry v kasinu,"SYNOT TIP, a.s.",26301091,8/11/2017,PS-036
Pardubice,Pardubice III,Bílé Předměstí,Dašická,1796,,53003,557064,Pardubický,IVT,"SYNOT TIP, a.s.",26301091,12/31/2017,3ON303571
Pardubice,Pardubice III,Bílé Předměstí,Dašická,1796,,53003,557064,Pardubický,IVT,"SYNOT TIP, a.s.",26301091,12/31/2017,729293
Pardubice,Pardubice III,Bílé Předměstí,Dašická,1796,,53003,557064,Pardubický,IVT,"SYNOT TIP, a.s.",26301091,12/31/2017,I705915
Pardubice,Pardubice III,Bílé Předměstí,Dašická,1796,,53003,557064,Pardubický,LLS,"SYNOT TIP, a.s.",26301091,5/3/2017,LN001
Pardubice,Pardubice III,Bílé Předměstí,Dašická,1796,,53003,557064,Pardubický,LLS,"SYNOT TIP, a.s.",26301091,5/3/2017,LN036
Pardubice,Pardubice III,Bílé Předměstí,Dašická,1796,,53003,557064,Pardubický,LLS,"SYNOT TIP, a.s.",26301091,5/3/2017,LN060
Pardubice,Pardubice III,Bílé Předměstí,Dašická,1796,,53003,557064,Pardubický,IVT,"SYNOT TIP, a.s.",26301091,12/31/2017,50043
Pardubice,Pardubice III,Bílé Předměstí,Dašická,1796,,53003,557064,Pardubický,IVT,"SYNOT TIP, a.s.",26301091,12/31/2017,4814
Pardubice,Pardubice III,Bílé Předměstí,Dašická,1796,,53003,557064,Pardubický,IVT,"SYNOT TIP, a.s.",26301091,12/16/2018,9110610001813
Pardubice,Pardubice III,Bílé Předměstí,Dašická,1796,,53003,557064,Pardubický,IVT,"SYNOT TIP, a.s.",26301091,12/16/2018,9110109004050
Pardubice,Pardubice III,Bílé Předměstí,Dašická,1796,,53003,557064,Pardubický,IVT,"SYNOT TIP, a.s.",26301091,6/4/2018,ML16013
Pardubice,Pardubice III,Bílé Předměstí,Na Drážce,1810,,53003,557064,Pardubický,LLS,"SYNOT TIP, a.s.",26301091,4/18/2016,MP358-01
Pardubice,Pardubice III,Bílé Předměstí,Na Drážce,1810,,53003,557064,Pardubický,IVT,"SYNOT TIP, a.s.",26301091,12/31/2017,50205
Pardubice,Pardubice III,Bílé Předměstí,Na Drážce,1810,,53003,557064,Pardubický,IVT,"SYNOT TIP, a.s.",26301091,6/4/2018,ML16025
Pardubice,Pardubice III,Bílé Předměstí,Na Drážce,1810,,53003,557064,Pardubický,IVT,"SYNOT TIP, a.s.",26301091,12/16/2018,9111209010557
Pardubice,Pardubice III,Bílé Předměstí,Na Drážce,1810,,53003,557064,Pardubický,IVT,"SYNOT TIP, a.s.",26301091,12/31/2017,15955
Pardubice,Pardubice III,Bílé Předměstí,Na Drážce,1810,,53003,557064,Pardubický,IVT,"SYNOT TIP, a.s.",26301091,12/31/2017,15956
Pardubice,Pardubice III,Bílé Předměstí,Na Drážce,1810,,53003,557064,Pardubický,IVT,"SYNOT TIP, a.s.",26301091,12/31/2017,4917
Pardubice,Pardubice III,Bílé Předměstí,Na Drážce,1810,,53003,557064,Pardubický,IVT,"SYNOT TIP, a.s.",26301091,12/31/2017,4918
Pardubice,Pardubice III,Bílé Předměstí,Na Drážce,1810,,53003,557064,Pardubický,IVT,"SYNOT TIP, a.s.",26301091,12/31/2017,4919
Pardubice,Pardubice III,Bílé Předměstí,Spojilská,1711,,53003,557064,Pardubický,IVT,"SYNOT TIP, a.s.",26301091,11/7/2015,50072
Pardubice,Pardubice III,Bílé Předměstí,Spojilská,1711,,53003,557064,Pardubický,IVT,GAPA GROUP a.s.,27536611,5/31/2015,I702469
Pardubice,Pardubice III,Bílé Předměstí,Spojilská,1711,,53003,557064,Pardubický,IVT,GAPA GROUP a.s.,27536611,3/18/2019,I703495
Pardubice,Pardubice III,Bílé Předměstí,Spojilská,1711,,53003,557064,Pardubický,IVT,GAPA GROUP a.s.,27536611,3/18/2019,723055
Pardubice,Pardubice III,Studánka,Erno Košťála,990,,53012,557064,Pardubický,IVT,MASOX a.s.,28373154,6/17/2015,731239
Pardubice,Pardubice III,Studánka,Erno Košťála,990,,53012,557064,Pardubický,LLS,MASOX a.s.,28373154,2/8/2017,MX073
Pardubice,Pardubice III,Studánka,Erno Košťála,990,,53012,557064,Pardubický,IVT,MASOX a.s.,28373154,2/15/2017,730380
Pardubice,Pardubice III,Studánka,Erno Košťála,990,,53012,557064,Pardubický,IVT,MASOX a.s.,28373154,2/15/2017,I706077
Pardubice,Pardubice III,Studánka,Erno Košťála,990,,53012,557064,Pardubický,IVT,MASOX a.s.,28373154,1/11/2016,AP1TM0001030
Pardubice,Pardubice III,Studánka,Erno Košťála,990,,53012,557064,Pardubický,EMR,MASOX a.s.,28373154,9/15/2016,6408
Pardubice,Pardubice III,Studánka,Erno Košťála,990,,53012,557064,Pardubický,LLS,MASOX a.s.,28373154,5/15/2016,MA672800903
Pardubice,Pardubice III,Studánka,Erno Košťála,990,,53012,557064,Pardubický,IVT,MASOX a.s.,28373154,4/29/2016,0804S0017
Pardubice,Pardubice III,Studánka,Erno Košťála,990,,53012,557064,Pardubický,IVT,MASOX a.s.,28373154,1/11/2016,AP1TF0001017
Pardubice,Pardubice III,Studánka,Erno Košťála,990,,53012,557064,Pardubický,IVT,MASOX a.s.,28373154,1/10/2016,ML25180
Pardubice,Pardubice III,Studánka,Erno Košťála,990,,53012,557064,Pardubický,IVT,MASOX a.s.,28373154,1/10/2016,ML25181
Pardubice,Pardubice III,Studánka,Erno Košťála,990,,53012,557064,Pardubický,IVT,MASOX a.s.,28373154,6/29/2019,9110611000332
Pardubice,Pardubice III,Studánka,Erno Košťála,990,,53012,557064,Pardubický,IVT,MASOX a.s.,28373154,6/29/2019,9110611000333
Pardubice,Pardubice III,Studánka,JANA ZAJÍCE,716,,53012,557064,Pardubický,LLS,"3E PROJEKT, a.s.",25389092,6/17/2016,3E073
Pardubice,Pardubice III,Studánka,JANA ZAJÍCE,716,,53012,557064,Pardubický,IVT,"3E PROJEKT, a.s.",25389092,2/21/2018,S265
Pardubice,Pardubice III,Studánka,JANA ZAJÍCE,716,,53012,557064,Pardubický,IVT,"3E PROJEKT, a.s.",25389092,2/21/2018,S267
Pardubice,Pardubice III,Studánka,JANA ZAJÍCE,716,,53012,557064,Pardubický,IVT,"3E PROJEKT, a.s.",25389092,1/7/2018,ML8278
Pardubice,Pardubice III,Studánka,Jana Zajíce,982,,53012,557064,Pardubický,Sázkové hry v kasinu,"SYNOT TIP, a.s.",26301091,8/11/2017,PS-037
Pardubice,Pardubice III,Studánka,Jana Zajíce,982,,53012,557064,Pardubický,LLS,ENDL + K a.s.,26805600,6/20/2015,MB14017
Pardubice,Pardubice III,Studánka,Jana Zajíce,982,,53012,557064,Pardubický,IVT,"SYNOT TIP, a.s.",26301091,12/31/2017,3ON303561
Pardubice,Pardubice III,Studánka,Jana Zajíce,982,,53012,557064,Pardubický,IVT,"SYNOT TIP, a.s.",26301091,12/31/2017,3ON304053
Pardubice,Pardubice III,Studánka,Jana Zajíce,982,,53012,557064,Pardubický,IVT,"SYNOT TIP, a.s.",26301091,12/31/2017,729203
Pardubice,Pardubice III,Studánka,Jana Zajíce,982,,53012,557064,Pardubický,IVT,"SYNOT TIP, a.s.",26301091,12/31/2017,730932
Pardubice,Pardubice III,Studánka,Jana Zajíce,982,,53012,557064,Pardubický,IVT,"SYNOT TIP, a.s.",26301091,12/31/2017,I705841
Pardubice,Pardubice III,Studánka,Jana Zajíce,982,,53012,557064,Pardubický,IVT,"SYNOT TIP, a.s.",26301091,12/31/2017,I706318
Pardubice,Pardubice III,Studánka,Jana Zajíce,982,,53012,557064,Pardubický,LLS,"SYNOT TIP, a.s.",26301091,5/3/2017,LN011
Pardubice,Pardubice III,Studánka,Jana Zajíce,982,,53012,557064,Pardubický,LLS,"SYNOT TIP, a.s.",26301091,5/3/2017,LN057
Pardubice,Pardubice III,Studánka,Jana Zajíce,982,,53012,557064,Pardubický,LLS,"SYNOT TIP, a.s.",26301091,5/3/2017,LN058
Pardubice,Pardubice III,Studánka,Jana Zajíce,982,,53012,557064,Pardubický,IVT,ENDL + K a.s.,26805600,5/22/2016,AP1TR0010019
Pardubice,Pardubice III,Studánka,Jana Zajíce,982,,53012,557064,Pardubický,IVT,ENDL + K a.s.,26805600,4/29/2018,3ON302151
Pardubice,Pardubice III,Studánka,Jana Zajíce,982,,53012,557064,Pardubický,IVT,ENDL + K a.s.,26805600,4/29/2018,5ON501922
Pardubice,Pardubice III,Studánka,Jana Zajíce,982,,53012,557064,Pardubický,IVT,ENDL + K a.s.,26805600,4/29/2018,726953
Pardubice,Pardubice III,Studánka,Jana Zajíce,982,,53012,557064,Pardubický,IVT,ENDL + K a.s.,26805600,4/29/2018,726954
Pardubice,Pardubice III,Studánka,Jana Zajíce,982,,53012,557064,Pardubický,IVT,"SYNOT TIP, a.s.",26301091,12/30/2017,10086
Pardubice,Pardubice III,Studánka,Jana Zajíce,982,,53012,557064,Pardubický,IVT,"SYNOT TIP, a.s.",26301091,12/30/2017,20047
Pardubice,Pardubice III,Studánka,Jana Zajíce,982,,53012,557064,Pardubický,IVT,"SYNOT TIP, a.s.",26301091,12/30/2017,35039
Pardubice,Pardubice III,Studánka,Jana Zajíce,982,,53012,557064,Pardubický,IVT,"SYNOT TIP, a.s.",26301091,12/30/2017,50193
Pardubice,Pardubice III,Studánka,Jana Zajíce,982,,53012,557064,Pardubický,IVT,ENDL + K a.s.,26805600,5/22/2016,AP1TR0010017
Pardubice,Pardubice III,Studánka,Jana Zajíce,982,,53012,557064,Pardubický,IVT,ENDL + K a.s.,26805600,5/22/2016,AP1TR0010018
Pardubice,Pardubice III,Studánka,Jana Zajíce,982,,53012,557064,Pardubický,EMR,"SYNOT TIP, a.s.",26301091,9/15/2016,GC5016
Pardubice,Pardubice III,Studánka,Jana Zajíce,982,,53012,557064,Pardubický,LLS,ENDL + K a.s.,26805600,5/2/2016,EN150
Pardubice,Pardubice III,Studánka,Jana Zajíce,982,,53012,557064,Pardubický,IVT,ENDL + K a.s.,26805600,2/11/2017,TDEN03406
Pardubice,Pardubice III,Studánka,Jana Zajíce,982,,53012,557064,Pardubický,IVT,ENDL + K a.s.,26805600,3/4/2018,ML12754
Pardubice,Pardubice III,Studánka,Jana Zajíce,982,,53012,557064,Pardubický,IVT,ENDL + K a.s.,26805600,3/4/2018,ML12755
Pardubice,Pardubice III,Studánka,Jana Zajíce,982,,53012,557064,Pardubický,IVT,ENDL + K a.s.,26805600,3/4/2018,ML12756
Pardubice,Pardubice III,Studánka,Jana Zajíce,982,,53012,557064,Pardubický,IVT,"SYNOT TIP, a.s.",26301091,12/31/2017,50045
Pardubice,Pardubice III,Studánka,Jana Zajíce,982,,53012,557064,Pardubický,IVT,"SYNOT TIP, a.s.",26301091,12/31/2017,50046
Pardubice,Pardubice III,Studánka,Jana Zajíce,982,,53012,557064,Pardubický,IVT,ENDL + K a.s.,26805600,3/4/2018,ML12447
Pardubice,Pardubice III,Studánka,Jana Zajíce,982,,53012,557064,Pardubický,IVT,ENDL + K a.s.,26805600,3/4/2018,ML12448
Pardubice,Pardubice III,Studánka,Jana Zajíce,982,,53012,557064,Pardubický,IVT,"SYNOT TIP, a.s.",26301091,12/17/2018,9111209010561
Pardubice,Pardubice III,Studánka,Jana Zajíce,982,,53012,557064,Pardubický,EMR,ENDL + K a.s.,26805600,12/31/2019,1688
Pardubice,Pardubice III,Studánka,Jana Zajíce,982,,53012,557064,Pardubický,IVT,ENDL + K a.s.,26805600,4/23/2017,9110109004240
Pardubice,Pardubice III,Studánka,Jana Zajíce,982,,53012,557064,Pardubický,IVT,ENDL + K a.s.,26805600,3/5/2018,ML12340
Pardubice,Pardubice III,Studánka,Jana Zajíce,982,,53012,557064,Pardubický,IVT,ENDL + K a.s.,26805600,3/5/2018,ML12341
Pardubice,Pardubice III,Studánka,Jana Zajíce,982,,53012,557064,Pardubický,IVT,ENDL + K a.s.,26805600,3/5/2018,ML12342
Pardubice,Pardubice III,Studánka,Jana Zajíce,982,,53012,557064,Pardubický,IVT,ENDL + K a.s.,26805600,3/5/2018,ML12127
Pardubice,Pardubice III,Studánka,Jana Zajíce,982,,53012,557064,Pardubický,IVT,ENDL + K a.s.,26805600,3/5/2018,ML12128
Pardubice,Pardubice III,Studánka,Jana Zajíce,982,,53012,557064,Pardubický,IVT,ENDL + K a.s.,26805600,4/30/2018,714552
Pardubice,Pardubice III,Studánka,Jana Zajíce,982,,53012,557064,Pardubický,IVT,ENDL + K a.s.,26805600,4/30/2018,714553
Pardubice,Pardubice III,Studánka,Jana Zajíce,982,,53012,557064,Pardubický,IVT,ENDL + K a.s.,26805600,4/30/2018,I700719
Pardubice,Pardubice III,Studánka,Jana Zajíce,982,,53012,557064,Pardubický,IVT,ENDL + K a.s.,26805600,4/23/2017,9111008006928
Pardubice,Pardubice III,Studánka,Jana Zajíce,982,,53012,557064,Pardubický,IVT,ENDL + K a.s.,26805600,4/23/2017,9111008006929
Pardubice,Pardubice III,Studánka,Jana Zajíce,982,,53012,557064,Pardubický,IVT,ENDL + K a.s.,26805600,4/23/2017,9111008006930
Pardubice,Pardubice III,Studánka,Jana Zajíce,982,,53012,557064,Pardubický,IVT,"SYNOT TIP, a.s.",26301091,12/16/2018,9111008008007
Pardubice,Pardubice III,Studánka,Jana Zajíce,982,,53012,557064,Pardubický,IVT,ENDL + K a.s.,26805600,4/30/2018,I700131
Pardubice,Pardubice III,Studánka,Jana Zajíce,982,,53012,557064,Pardubický,IVT,ENDL + K a.s.,26805600,4/23/2017,9110408003345
Pardubice,Pardubice III,Studánka,Jana Zajíce,982,,53012,557064,Pardubický,IVT,"SYNOT TIP, a.s.",26301091,6/4/2018,ML16014
Pardubice,Pardubice III,Studánka,Jana Zajíce,982,,53012,557064,Pardubický,IVT,"SYNOT TIP, a.s.",26301091,6/4/2018,ML16015
Pardubice,Pardubice III,Studánka,Jana Zajíce,982,,53012,557064,Pardubický,IVT,ENDL + K a.s.,26805600,3/5/2018,ML12046
Pardubice,Pardubice III,Studánka,Jana Zajíce,982,,53012,557064,Pardubický,IVT,ENDL + K a.s.,26805600,4/23/2017,9110806001316
Pardubice,Pardubice III,Studánka,Jana Zajíce,982,,53012,557064,Pardubický,IVT,ENDL + K a.s.,26805600,4/23/2017,9110806001317
Pardubice,Pardubice III,Studánka,Jana Zajíce,982,,53012,557064,Pardubický,IVT,ENDL + K a.s.,26805600,4/23/2017,9110806001318
Pardubice,Pardubice III,Studánka,Jana Zajíce,982,,53012,557064,Pardubický,IVT,ENDL + K a.s.,26805600,2/12/2017,TDEN02106
Pardubice,Pardubice IV,Pardubičky,Kyjevská,336,,53003,555096,Pardubický,IVT,GAPA GROUP a.s.,27536611,5/20/2019,ML23078
Pardubice,Pardubice IV,Pardubičky,Kyjevská,336,,53003,555096,Pardubický,IVT,GAPA GROUP a.s.,27536611,1/27/2016,9111009009864
Pardubice,Pardubice IV,Pardubičky,Kyjevská,336,,53003,555096,Pardubický,LLS,GAPA GROUP a.s.,27536611,3/18/2016,GG285
Pardubice,Pardubice IV,Pardubičky,Kyjevská,336,,53003,555096,Pardubický,IVT,GAPA GROUP a.s.,27536611,3/18/2019,3ON300391
Pardubice,Pardubice IV,Pardubičky,Kyjevská,336,,53003,555096,Pardubický,IVT,GAPA GROUP a.s.,27536611,3/18/2019,I702650
Pardubice,Pardubice IV,Pardubičky,Kyjevská,336,,53003,555096,Pardubický,IVT,GAPA GROUP a.s.,27536611,5/20/2019,ML23108
Pardubice,Pardubice IV,Pardubičky,Kyjevská,336,,53003,555096,Pardubický,IVT,GAPA GROUP a.s.,27536611,3/18/2019,5ON501277
Pardubice,Pardubice IV,Pardubičky,Kyjevská,336,,53003,555096,Pardubický,IVT,GAPA GROUP a.s.,27536611,3/18/2019,722207
Pardubice,Pardubice IV,Pardubičky,Kyjevská,336,,53003,555096,Pardubický,IVT,GAPA GROUP a.s.,27536611,3/18/2019,724062
Pardubice,Pardubice V,Zelené Předměstí,Jana Palacha,471,,53002,557072,Pardubický,LLS,Play games a.s.,24773255,11/28/2015,PG055
Pardubice,Pardubice V,Zelené Předměstí,Jana Palacha,471,,53002,557072,Pardubický,IVT,Play games a.s.,24773255,9/19/2015,3ON303786
Pardubice,Pardubice V,Zelené Předměstí,Jana Palacha,471,,53002,557072,Pardubický,IVT,Play games a.s.,24773255,9/19/2015,730486
Pardubice,Pardubice V,Zelené Předměstí,Jana Palacha,471,,53002,557072,Pardubický,IVT,Play games a.s.,24773255,9/19/2015,I706428
Pardubice,Pardubice V,Zelené Předměstí,Jana Palacha,471,,53002,557072,Pardubický,IVT,Play games a.s.,24773255,9/15/2015,AP1TR0001105
Pardubice,Pardubice V,Zelené Předměstí,Jana Palacha,471,,53002,557072,Pardubický,IVT,Play games a.s.,24773255,6/24/2015,ML34708
Pardubice,Pardubice V,Zelené Předměstí,Jana Palacha,471,,53002,557072,Pardubický,IVT,Play games a.s.,24773255,6/24/2015,551468
Pardubice,Pardubice V,Zelené Předměstí,Jana Palacha,471,,53002,557072,Pardubický,IVT,MASOX a.s.,28373154,6/12/2015,728478
Pardubice,Pardubice V,Zelené Předměstí,Jana Palacha,471,,53002,557072,Pardubický,IVT,MASOX a.s.,28373154,5/20/2015,ML25088
Pardubice,Pardubice V,Zelené Předměstí,Jana Palacha,471,,53002,557072,Pardubický,IVT,Play games a.s.,24773255,3/8/2017,ML34180
Pardubice,Pardubice V,Zelené Předměstí,Jana Palacha,471,,53002,557072,Pardubický,IVT,Play games a.s.,24773255,4/6/2017,9111010002867
Pardubice,Pardubice V,Zelené Předměstí,Jana Palacha,471,,53002,557072,Pardubický,IVT,Play games a.s.,24773255,3/8/2017,ML34649
Pardubice,Pardubice V,Zelené Předměstí,Jana Palacha,471,,53002,557072,Pardubický,IVT,MASOX a.s.,28373154,2/15/2017,3ON303137
Pardubice,Pardubice V,Zelené Předměstí,Jana Palacha,471,,53002,557072,Pardubický,IVT,MASOX a.s.,28373154,2/15/2017,728475
Pardubice,Pardubice V,Zelené Předměstí,Jana Palacha,471,,53002,557072,Pardubický,IVT,MASOX a.s.,28373154,2/15/2017,I706008
Pardubice,Pardubice V,Zelené Předměstí,Jana Palacha,471,,53002,557072,Pardubický,IVT,MASOX a.s.,28373154,6/29/2019,9110111000063
Pardubice,Pardubice V,Zelené Předměstí,Jana Palacha,471,,53002,557072,Pardubický,IVT,MASOX a.s.,28373154,1/11/2016,AP1TF0001119
Pardubice,Pardubice V,Zelené Předměstí,Jana Palacha,471,,53002,557072,Pardubický,IVT,MASOX a.s.,28373154,1/7/2016,489717
Pardubice,Pardubice V,Zelené Předměstí,Jana Palacha,471,,53002,557072,Pardubický,IVT,MASOX a.s.,28373154,1/10/2016,ML25001
Pardubice,Pardubice V,Zelené Předměstí,Jana Palacha,471,,53002,557072,Pardubický,IVT,MASOX a.s.,28373154,1/10/2016,ML25002
Pardubice,Pardubice V,Zelené Předměstí,Jana Palacha,471,,53002,557072,Pardubický,IVT,MASOX a.s.,28373154,3/18/2019,1110488
Pardubice,Pardubice V,Zelené Předměstí,Jana Palacha,471,,53002,557072,Pardubický,IVT,MASOX a.s.,28373154,6/29/2019,9110509008255
Pardubice,Pardubice V,Zelené Předměstí,Jana Palacha,471,,53002,557072,Pardubický,IVT,MASOX a.s.,28373154,6/29/2019,9110509008256
Pardubice,Pardubice V,Zelené Předměstí,Jana Palacha,471,,53002,557072,Pardubický,EMR,MASOX a.s.,28373154,4/6/2019,M5024
Pardubice,Pardubice V,Zelené Předměstí,Jana Palacha,471,,53002,557072,Pardubický,IVT,MASOX a.s.,28373154,4/28/2018,0901S0014
Pardubice,Pardubice V,Zelené Předměstí,Jana Palacha,557,,53002,557072,Pardubický,LLS,MASOX a.s.,28373154,6/26/2015,MX115
Pardubice,Pardubice V,Zelené Předměstí,Jana Palacha,557,,53002,557072,Pardubický,IVT,MASOX a.s.,28373154,7/2/2015,AP1TF0001146
Pardubice,Pardubice V,Zelené Předměstí,Jana Palacha,557,,53002,557072,Pardubický,IVT,MASOX a.s.,28373154,7/2/2015,AP1TM0001023
Pardubice,Pardubice V,Zelené Předměstí,Jana Palacha,557,,53002,557072,Pardubický,IVT,MASOX a.s.,28373154,7/2/2015,9110509008094
Pardubice,Pardubice V,Zelené Předměstí,Jana Palacha,557,,53002,557072,Pardubický,IVT,MASOX a.s.,28373154,7/2/2015,9110509008275
Pardubice,Pardubice V,Zelené Předměstí,Jana Palacha,557,,53002,557072,Pardubický,IVT,MASOX a.s.,28373154,7/2/2015,9111109010322
Pardubice,Pardubice V,Zelené Předměstí,Jana Palacha,557,,53002,557072,Pardubický,IVT,MASOX a.s.,28373154,7/2/2015,9111109010323
Pardubice,Pardubice V,Zelené Předměstí,Jana Palacha,557,,53002,557072,Pardubický,IVT,MASOX a.s.,28373154,6/17/2015,3ON303115
Pardubice,Pardubice V,Zelené Předměstí,Jana Palacha,557,,53002,557072,Pardubický,IVT,MASOX a.s.,28373154,6/17/2015,728446
Pardubice,Pardubice V,Zelené Předměstí,Jana Palacha,557,,53002,557072,Pardubický,IVT,MASOX a.s.,28373154,6/17/2015,I705442
Pardubice,Pardubice V,Zelené Předměstí,Jana Palacha,557,,53002,557072,Pardubický,IVT,GAPA GROUP a.s.,27536611,1/27/2016,9111009009846
Pardubice,Pardubice V,Zelené Předměstí,Jana Palacha,557,,53002,557072,Pardubický,IVT,GAPA GROUP a.s.,27536611,3/18/2019,3ON301924
Pardubice,Pardubice V,Zelené Předměstí,Jana Palacha,557,,53002,557072,Pardubický,IVT,GAPA GROUP a.s.,27536611,3/18/2019,3ON301252
Pardubice,Pardubice V,Zelené Předměstí,Jana Palacha,1422,,53002,557072,Pardubický,IVT,"AUTO GAMES, a.s.",25544608,2/6/2015,AGT11320816
Pardubice,Pardubice V,Zelené Předměstí,Jana Palacha,1422,,53002,557072,Pardubický,IVT,"AUTO GAMES, a.s.",25544608,2/6/2015,AGT11421149
Pardubice,Pardubice V,Zelené Předměstí,Jana Palacha,1422,,53002,557072,Pardubický,IVT,"AUTO GAMES, a.s.",25544608,2/6/2015,AGT11421326
Pardubice,Pardubice V,Zelené Předměstí,Jana Palacha,1422,,53002,557072,Pardubický,IVT,"AUTO GAMES, a.s.",25544608,9/26/2015,AP1TY0001046
Pardubice,Pardubice V,Zelené Předměstí,Jana Palacha,1422,,53002,557072,Pardubický,IVT,"AUTO GAMES, a.s.",25544608,1/28/2018,9101107002206
Pardubice,Pardubice V,Zelené Předměstí,Jana Palacha,1422,,53002,557072,Pardubický,IVT,"AUTO GAMES, a.s.",25544608,4/25/2016,KDG111433
Pardubice,Pardubice V,Zelené Předměstí,Jana Palacha,1422,,53002,557072,Pardubický,IVT,"AUTO GAMES, a.s.",25544608,7/31/2015,I704318
Pardubice,Pardubice V,Zelené Předměstí,Jana Palacha,1422,,53002,557072,Pardubický,IVT,"AUTO GAMES, a.s.",25544608,11/1/2017,AML10813986
Pardubice,Pardubice V,Zelené Předměstí,Jana Palacha,1422,,53002,557072,Pardubický,IVT,"AUTO GAMES, a.s.",25544608,11/1/2017,ML1077982
Pardubice,Pardubice V,Zelené Předměstí,Jana Palacha,1422,,53002,557072,Pardubický,IVT,"AUTO GAMES, a.s.",25544608,11/1/2017,ML1079229
Pardubice,Pardubice V,Zelené Předměstí,náměstí Dukelských hrdinů,2551,,53002,557072,Pardubický,IVT,GAMINE GROUP a.s.,01390899,10/22/2015,0802C0034
Pardubice,Pardubice V,Zelené Předměstí,náměstí Dukelských hrdinů,2551,,53002,557072,Pardubický,IVT,GAMINE GROUP a.s.,01390899,9/23/2015,0804P0007
Pardubice,Pardubice V,Zelené Předměstí,náměstí Dukelských hrdinů,2551,,53002,557072,Pardubický,IVT,GAMINE GROUP a.s.,01390899,10/16/2015,TDMA04607
Pardubice,Pardubice V,Zelené Předměstí,náměstí Dukelských hrdinů,2551,,53002,557072,Pardubický,IVT,GAMINE GROUP a.s.,01390899,10/16/2015,TDMA04707
Pardubice,Pardubice V,Zelené Předměstí,náměstí Dukelských hrdinů,2551,,53002,557072,Pardubický,IVT,GAMINE GROUP a.s.,01390899,6/6/2016,9110613001114
Pardubice,Pardubice V,Zelené Předměstí,náměstí Dukelských hrdinů,2551,,53002,557072,Pardubický,IVT,GAMINE GROUP a.s.,01390899,6/4/2016,2761
Pardubice,Pardubice V,Zelené Předměstí,náměstí Dukelských hrdinů,2551,,53002,557072,Pardubický,IVT,GAMINE GROUP a.s.,01390899,7/1/2016,551408
Pardubice,Pardubice V,Zelené Předměstí,náměstí Dukelských hrdinů,2551,,53002,557072,Pardubický,IVT,GAMINE GROUP a.s.,01390899,7/1/2016,551409
Pardubice,Pardubice V,Zelené Předměstí,náměstí Dukelských hrdinů,2551,,53002,557072,Pardubický,EMR,GAMINE GROUP a.s.,01390899,7/21/2016,M5035
Pardubice,Pardubice V,Zelené Předměstí,náměstí Dukelských hrdinů,2551,,53002,557072,Pardubický,IVT,GAMINE GROUP a.s.,01390899,6/26/2017,ML30069
Pardubice,Pardubice V,Zelené Předměstí,náměstí Dukelských hrdinů,2551,,53002,557072,Pardubický,IVT,GAMINE GROUP a.s.,01390899,6/26/2017,ML30199
Pardubice,Pardubice V,Zelené Předměstí,náměstí Dukelských hrdinů,2551,,53002,557072,Pardubický,IVT,GAMINE GROUP a.s.,01390899,6/26/2017,ML30201
Pardubice,Pardubice V,Zelené Předměstí,náměstí Dukelských hrdinů,2551,,53002,557072,Pardubický,IVT,GAMINE GROUP a.s.,01390899,6/4/2016,AP1TM0001142
Pardubice,Pardubice V,Zelené Předměstí,náměstí Dukelských hrdinů,2551,,53002,557072,Pardubický,IVT,GAMINE GROUP a.s.,01390899,6/4/2016,AP1TM0001143
Pardubice,Pardubice V,Zelené Předměstí,náměstí Dukelských hrdinů,2551,,53002,557072,Pardubický,IVT,GAMINE GROUP a.s.,01390899,6/6/2016,9110810002144
Pardubice,Pardubice V,Zelené Předměstí,náměstí Dukelských hrdinů,2551,,53002,557072,Pardubický,IVT,MASOX a.s.,28373154,6/29/2019,9111109010257
Pardubice,Pardubice V,Zelené Předměstí,Teplého,1375,,53002,557072,Pardubický,LLS,ADMIRAL GLOBAL BETTING a.s.,26232375,4/20/2017,50056
Pardubice,Pardubice V,Zelené Předměstí,Teplého,1375,,53002,557072,Pardubický,IVT,"SLOT Group, a.s.",62741560,12/5/2018,TDSL17308
Pardubice,Pardubice V,Zelené Předměstí,Teplého,1375,,53002,557072,Pardubický,IVT,"SLOT Group, a.s.",62741560,12/21/2019,3ON302467
Pardubice,Pardubice V,Zelené Předměstí,Teplého,1375,,53002,557072,Pardubický,IVT,"SLOT Group, a.s.",62741560,12/21/2019,727081
Pardubice,Pardubice V,Zelené Předměstí,Teplého,1375,,53002,557072,Pardubický,IVT,"SLOT Group, a.s.",62741560,12/21/2019,I704721
Pardubice,Pardubice V,Zelené Předměstí,Teplého,1375,,53002,557072,Pardubický,IVT,"SLOT Group, a.s.",62741560,2/21/2018,ML10330
Pardubice,Pardubice V,Zelené Předměstí,Teplého,1375,,53002,557072,Pardubický,IVT,ADMIRAL GLOBAL BETTING a.s.,26232375,12/31/2017,363490
Pardubice,Pardubice V,Zelené Předměstí,Teplého,1375,,53002,557072,Pardubický,IVT,ADMIRAL GLOBAL BETTING a.s.,26232375,12/31/2017,363491
Pardubice,Pardubice V,Zelené Předměstí,Teplého,1375,,53002,557072,Pardubický,IVT,"AUTO GAMES, a.s.",25544608,11/1/2017,AML10814845
Pardubice,Pardubice V,Zelené Předměstí,Teplého,1375,,53002,557072,Pardubický,IVT,"AUTO GAMES, a.s.",25544608,11/1/2017,AML10814846
Pardubice,Pardubice V,Zelené Předměstí,Teplého,1375,,53002,557072,Pardubický,IVT,ADMIRAL GLOBAL BETTING a.s.,26232375,12/30/2017,321482
Pardubice,Pardubice V,Zelené Předměstí,Teplého,1375,,53002,557072,Pardubický,IVT,ADMIRAL GLOBAL BETTING a.s.,26232375,12/30/2017,321483
Pardubice,Pardubice V,Zelené Předměstí,Teplého,1375,,53002,557072,Pardubický,IVT,ADMIRAL GLOBAL BETTING a.s.,26232375,12/4/2018,389218
Pardubice,Pardubice V,Zelené Předměstí,Teplého,1375,,53002,557072,Pardubický,IVT,ADMIRAL GLOBAL BETTING a.s.,26232375,12/4/2018,389219
Pardubice,Pardubice V,,K Dolíčku,12,,53002,557072,Pardubický,IVT,multigate a.s.,25912186,11/9/2018,727822
Pardubice,Pardubice V,,Kapitána Nálepky 240,,,53002,557072,Pardubický,LLS,"SYNOT TIP, a.s.",26301091,5/3/2017,LN050
Pardubice,Pardubice V,,Kapitána Nálepky 240,,,53002,557072,Pardubický,IVT,"SYNOT TIP, a.s.",26301091,12/31/2017,729289
Pardubice,,,Jana Palacha,1297,,53002,555134,Pardubický,IVT,GAPA GROUP a.s.,27536611,5/20/2019,ML23011
Pardubice,,,Jana Palacha,1297,,53002,555134,Pardubický,IVT,GAPA GROUP a.s.,27536611,5/20/2019,ML23179
Pardubice,,,Jana Palacha,1297,,53002,555134,Pardubický,IVT,GAPA GROUP a.s.,27536611,11/6/2016,AP1TR0015017
Pardubice,,,Jana Palacha,1297,,53002,555134,Pardubický,IVT,GAPA GROUP a.s.,27536611,11/6/2016,AP1TR0015018
Pardubice,,,Jana Palacha,1297,,53002,555134,Pardubický,IVT,GAPA GROUP a.s.,27536611,3/18/2019,3ON300605
Pardubice,,,Jana Palacha,1297,,53002,555134,Pardubický,IVT,GAPA GROUP a.s.,27536611,3/18/2019,3ON301566
Pardubice,,,Jana Palacha,1297,,53002,555134,Pardubický,IVT,GAPA GROUP a.s.,27536611,3/18/2019,5ON500353
Pardubice,,,Jana Palacha,1297,,53002,555134,Pardubický,IVT,GAPA GROUP a.s.,27536611,3/18/2019,5ON500414
Pardubice,,,Jana Palacha,1297,,53002,555134,Pardubický,IVT,GAPA GROUP a.s.,27536611,3/18/2019,719859
Pardubice,,,Jana Palacha,1297,,53002,555134,Pardubický,IVT,GAPA GROUP a.s.,27536611,3/18/2019,723025
Pardubice,,,Jana Palacha,1297,,53002,555134,Pardubický,IVT,GAPA GROUP a.s.,27536611,3/18/2019,I701768
Pardubice,,,Jana Palacha,1297,,53002,555134,Pardubický,IVT,GAPA GROUP a.s.,27536611,3/18/2019,I703781
Pardubice,,,Jana Palacha,1297,,53002,555134,Pardubický,IVT,GAPA GROUP a.s.,27536611,3/18/2019,S1473
Pardubice,,,Jana Palacha,1297,,53002,555134,Pardubický,IVT,GAPA GROUP a.s.,27536611,3/18/2019,S1486
Pardubice,,,Jindřišská,276,,53000,555134,Pardubický,IVT,MASOX a.s.,28373154,1/10/2016,ML25009
Pardubice,,,Jindřišská,276,,53000,555134,Pardubický,IVT,MASOX a.s.,28373154,1/13/2016,TDMX04309
Pardubice,,,Jindřišská,276,,53000,555134,Pardubický,IVT,MASOX a.s.,28373154,1/3/2018,ML25103
Pardubice,,,Jindřišská,276,,53000,555134,Pardubický,IVT,MASOX a.s.,28373154,1/3/2018,ML25104
Pardubice,,,Jindřišská,276,,53000,555134,Pardubický,IVT,MASOX a.s.,28373154,1/3/2018,ML25105
Pardubice,,,Jindřišská,276,,53000,555134,Pardubický,IVT,MASOX a.s.,28373154,1/11/2016,AP1TF0001069
Pardubice,,,Jindřišská,276,,53000,555134,Pardubický,IVT,MASOX a.s.,28373154,1/10/2016,ML25103
Pardubice,,,Jindřišská,276,,53000,555134,Pardubický,IVT,MASOX a.s.,28373154,1/10/2016,ML25104
Pardubice,,,Jindřišská,276,,53000,555134,Pardubický,IVT,MASOX a.s.,28373154,1/10/2016,ML25105
Pardubice,,,Jindřišská,276,,53000,555134,Pardubický,LLS,MASOX a.s.,28373154,8/1/2015,MA672800700
Pardubice,,,Jindřišská,276,,53000,555134,Pardubický,IVT,MASOX a.s.,28373154,6/29/2019,9110111000026
Pardubice,,,Jindřišská,276,,53000,555134,Pardubický,IVT,MASOX a.s.,28373154,6/29/2019,9110111000027
Pardubice,,,Jindřišská,276,,53000,555134,Pardubický,IVT,MASOX a.s.,28373154,6/29/2019,9111210003102
Pardubice,,,Jindřišská,276,,53000,555134,Pardubický,IVT,MASOX a.s.,28373154,6/29/2019,9111210003103
Pardubice,,,Kapitána Bartoše,454,,53000,555134,Pardubický,IVT,"SYNOT TIP, a.s.",26301091,10/30/2015,4831
Pardubice,,,Kapitána Bartoše,454,,53000,555134,Pardubický,IVT,"SYNOT TIP, a.s.",26301091,12/31/2017,3ON303565
Pardubice,,,Kapitána Bartoše,454,,53000,555134,Pardubický,IVT,"SYNOT TIP, a.s.",26301091,12/31/2017,729202
Pardubice,,,Kapitána Bartoše,454,,53000,555134,Pardubický,IVT,"SYNOT TIP, a.s.",26301091,12/31/2017,I705890
Pardubice,,,Kapitána Bartoše,454,,53000,555134,Pardubický,LLS,"SYNOT TIP, a.s.",26301091,5/3/2017,LN026
Pardubice,,,Kapitána Bartoše,454,,53000,555134,Pardubický,LLS,"SYNOT TIP, a.s.",26301091,5/3/2017,LN041
Pardubice,,,Kapitána Bartoše,454,,53000,555134,Pardubický,IVT,"SYNOT TIP, a.s.",26301091,12/31/2017,50253
Pardubice,,,Kapitána Bartoše,454,,53000,555134,Pardubický,IVT,"SYNOT TIP, a.s.",26301091,12/17/2018,9111209010560
Pardubice,,,Kapitána Bartoše,454,,53000,555134,Pardubický,IVT,"SYNOT TIP, a.s.",26301091,12/16/2018,9111008008014
Pardubice,,,Kapitána Bartoše,454,,53000,555134,Pardubický,IVT,"SYNOT TIP, a.s.",26301091,6/4/2018,ML16010
Pardubice,,,Kpt. Nálepky,240,,53000,555134,Pardubický,IVT,"SYNOT TIP, a.s.",26301091,12/31/2017,15925
Pardubice,,,Kpt. Nálepky,240,,53000,555134,Pardubický,IVT,"SYNOT TIP, a.s.",26301091,12/31/2017,4220
Pardubice,,,Kpt. Nálepky,240,,53000,555134,Pardubický,IVT,"SYNOT TIP, a.s.",26301091,6/4/2018,ML16090
Pardubice,,,NÁBŘEŽÍ ZÁVODU MÍRU,1898,21,53000,555134,Pardubický,IVT,MASOX a.s.,28373154,2/15/2017,5ON500436
Pardubice,,,NÁBŘEŽÍ ZÁVODU MÍRU,1898,21,53000,555134,Pardubický,IVT,MASOX a.s.,28373154,2/15/2017,728470
Pardubice,,,Palackého třída,248,,53002,555134,Pardubický,IVT,Play games a.s.,24773255,3/8/2017,ML34569
Pardubice,,,Palackého třída,248,,53002,555134,Pardubický,IVT,Play games a.s.,24773255,3/8/2017,ML34570
Pardubice,,,Palackého třída,578,,53002,555134,Pardubický,IVT,Play games a.s.,24773255,5/20/2015,551477
Pardubice,,,Palackého třída,578,,53002,555134,Pardubický,IVT,Play games a.s.,24773255,4/6/2017,9110711000515
Pardubice,,,Palackého třída,578,,53002,555134,Pardubický,IVT,Play games a.s.,24773255,3/8/2017,ML34561
Pardubice,,,Palackého třída,578,,53002,555134,Pardubický,IVT,Play games a.s.,24773255,3/8/2017,ML34562
